subject,Dean Black
arm,left
label,2
hz,100.17649374731718
time,5.570169

timestamp_us,q0,q1,q2,q3,ax,ay,az,gx,gy,gz
29634732,0.65679931640625,-0.2554931640625,-0.69451904296875,0.1448974609375,6770,-4423,-800,0,-3,0
29644710,0.65667724609375,-0.25543212890625,-0.69464111328125,0.14501953125,6772,-4430,-805,0,-2,-1
29654689,0.656494140625,-0.25537109375,-0.69476318359375,0.14520263671875,6776,-4438,-801,0,-3,-1
29664671,0.6563720703125,-0.25531005859375,-0.69488525390625,0.14532470703125,6794,-4436,-792,1,-2,-1
29674653,0.65625,-0.25518798828125,-0.695068359375,0.1455078125,6795,-4436,-795,1,-3,-1
29684634,0.6561279296875,-0.2550048828125,-0.6951904296875,0.1456298828125,6808,-4449,-813,1,-2,-1
29694618,0.656005859375,-0.2548828125,-0.6953125,0.14581298828125,6815,-4449,-811,1,-2,-1
29704600,0.6558837890625,-0.25469970703125,-0.6954345703125,0.14599609375,6825,-4444,-797,1,-2,-1
29714582,0.65576171875,-0.2545166015625,-0.695556640625,0.1461181640625,6833,-4447,-803,1,-2,-1
29724564,0.65570068359375,-0.25433349609375,-0.6956787109375,0.1463623046875,6846,-4440,-794,1,-2,-1
29734546,0.6556396484375,-0.254150390625,-0.69573974609375,0.14654541015625,6844,-4423,-787,2,-2,-1
29744536,0.65557861328125,-0.25396728515625,-0.69586181640625,0.146728515625,6851,-4408,-794,2,-2,0
29754513,0.655517578125,-0.2537841796875,-0.6959228515625,0.14697265625,6846,-4407,-799,1,-2,0
29764494,0.65545654296875,-0.253662109375,-0.69598388671875,0.147216796875,6844,-4390,-796,2,-2,0
29774478,0.6553955078125,-0.2535400390625,-0.69598388671875,0.14752197265625,6836,-4379,-792,1,-2,1
29784461,0.65533447265625,-0.25341796875,-0.696044921875,0.14776611328125,6836,-4384,-792,2,-2,0
29794443,0.6552734375,-0.25335693359375,-0.69610595703125,0.14801025390625,6823,-4372,-807,1,-2,0
29804432,0.65521240234375,-0.25323486328125,-0.69610595703125,0.148193359375,6821,-4371,-803,1,-1,0
29814415,0.65521240234375,-0.253173828125,-0.6961669921875,0.14837646484375,6817,-4378,-800,1,-2,0
29824397,0.6551513671875,-0.25299072265625,-0.69622802734375,0.14849853515625,6814,-4371,-788,1,-2,-1
29834372,0.6551513671875,-0.25274658203125,-0.6962890625,0.14862060546875,6816,-4364,-795,1,-2,-1
29844352,0.65509033203125,-0.25262451171875,-0.6964111328125,0.14862060546875,6807,-4347,-808,1,-1,-1
29854336,0.655029296875,-0.25244140625,-0.69647216796875,0.14874267578125,6807,-4341,-821,1,-1,-1
29864320,0.65496826171875,-0.25238037109375,-0.696533203125,0.1488037109375,6801,-4336,-837,1,-2,-1
29874304,0.6549072265625,-0.2523193359375,-0.69659423828125,0.14892578125,6799,-4335,-843,1,-1,0
29884287,0.65484619140625,-0.2523193359375,-0.69659423828125,0.1490478515625,6800,-4335,-854,0,-1,1
29894267,0.65478515625,-0.25238037109375,-0.6966552734375,0.14923095703125,6809,-4345,-852,0,-1,1
29904251,0.65472412109375,-0.25244140625,-0.6966552734375,0.14935302734375,6811,-4344,-851,0,-1,1
29914239,0.6546630859375,-0.25250244140625,-0.6966552734375,0.14947509765625,6808,-4346,-852,0,-1,0
29924220,0.65460205078125,-0.25250244140625,-0.6966552734375,0.1495361328125,6826,-4352,-865,-1,-1,0
29934212,0.654541015625,-0.25262451171875,-0.69671630859375,0.1495361328125,6824,-4343,-877,0,0,0
29944185,0.654541015625,-0.25262451171875,-0.69671630859375,0.1495361328125,6814,-4327,-873,-1,-1,0
29954172,0.65447998046875,-0.252685546875,-0.69671630859375,0.14959716796875,6818,-4331,-876,-1,-1,0
29964155,0.6544189453125,-0.2528076171875,-0.69677734375,0.14959716796875,6843,-4329,-871,-1,-1,1
29974135,0.65435791015625,-0.2529296875,-0.69677734375,0.14959716796875,6864,-4336,-875,-1,-1,1
29984111,0.65435791015625,-0.25299072265625,-0.69671630859375,0.14959716796875,6905,-4348,-877,-1,0,0
29994091,0.654296875,-0.25311279296875,-0.69677734375,0.1495361328125,6944,-4363,-878,-1,0,0
30004078,0.654296875,-0.253173828125,-0.69677734375,0.1494140625,6995,-4389,-887,-1,0,-1
30014055,0.65435791015625,-0.2530517578125,-0.69677734375,0.14923095703125,7044,-4405,-880,-1,0,-2
30024037,0.654541015625,-0.2528076171875,-0.69677734375,0.14886474609375,7095,-4407,-879,-1,1,-3
30034020,0.65472412109375,-0.25250244140625,-0.69677734375,0.14849853515625,7179,-4446,-867,-1,1,-4
30044005,0.655029296875,-0.25213623046875,-0.69677734375,0.1480712890625,7299,-4495,-875,0,2,-5
30053988,0.6553955078125,-0.2515869140625,-0.69671630859375,0.14752197265625,7455,-4565,-892,1,3,-6
30063968,0.6558837890625,-0.2508544921875,-0.69659423828125,0.14697265625,7623,-4630,-934,2,4,-8
30073947,0.65655517578125,-0.249755859375,-0.696533203125,0.1461181640625,7781,-4697,-966,3,5,-12
30083930,0.657470703125,-0.24810791015625,-0.696533203125,0.14495849609375,7955,-4738,-1003,4,6,-17
30093913,0.6585693359375,-0.24591064453125,-0.69659423828125,0.143310546875,8118,-4758,-1037,5,7,-23
30103896,0.65997314453125,-0.2431640625,-0.6966552734375,0.14129638671875,8266,-4731,-1014,6,9,-28
30113878,0.66162109375,-0.23992919921875,-0.69671630859375,0.13885498046875,8382,-4672,-963,7,10,-34
30123858,0.66351318359375,-0.23614501953125,-0.69677734375,0.13592529296875,8511,-4587,-896,7,11,-39
30133842,0.66552734375,-0.23211669921875,-0.6968994140625,0.132568359375,8656,-4502,-810,6,12,-42
30143825,0.667724609375,-0.227783203125,-0.6968994140625,0.12872314453125,8770,-4422,-720,5,14,-47
30153808,0.66998291015625,-0.22314453125,-0.697021484375,0.12445068359375,8813,-4309,-686,4,14,-51
30163789,0.67230224609375,-0.21807861328125,-0.697265625,0.1195068359375,8784,-4112,-657,3,15,-58
30173768,0.67474365234375,-0.2125244140625,-0.69757080078125,0.1138916015625,8683,-3862,-619,2,16,-65
30183763,0.67724609375,-0.20648193359375,-0.697998046875,0.10748291015625,8531,-3548,-582,0,17,-71
30193747,0.6796875,-0.2000732421875,-0.698486328125,0.1004638671875,8314,-3203,-525,-2,17,-76
30203727,0.68218994140625,-0.193603515625,-0.698974609375,0.09295654296875,8075,-2851,-458,-4,17,-78
30213703,0.68450927734375,-0.187255859375,-0.69940185546875,0.085205078125,7801,-2513,-385,-6,17,-78
30223685,0.68670654296875,-0.18133544921875,-0.69970703125,0.07745361328125,7524,-2196,-306,-9,17,-74
30233667,0.68865966796875,-0.17608642578125,-0.69989013671875,0.06988525390625,7258,-1934,-230,-12,16,-68
30243648,0.69036865234375,-0.1717529296875,-0.699951171875,0.06280517578125,7036,-1759,-173,-15,16,-60
30253630,0.69183349609375,-0.16845703125,-0.6998291015625,0.05645751953125,6834,-1674,-147,-17,15,-51
30263613,0.693115234375,-0.16632080078125,-0.69952392578125,0.05096435546875,6663,-1665,-144,-18,14,-40
30273595,0.6942138671875,-0.16522216796875,-0.69903564453125,0.04638671875,6527,-1713,-169,-19,14,-29
30283578,0.69512939453125,-0.165283203125,-0.6983642578125,0.042724609375,6399,-1798,-196,-20,13,-18
30293560,0.69586181640625,-0.1661376953125,-0.69757080078125,0.0400390625,6308,-1913,-233,-19,13,-9
30303547,0.69647216796875,-0.16790771484375,-0.69659423828125,0.03826904296875,6260,-2059,-267,-19,12,1
30313524,0.69696044921875,-0.17034912109375,-0.695556640625,0.037353515625,6253,-2232,-313,-18,11,9
30323506,0.6973876953125,-0.1734619140625,-0.69439697265625,0.0372314453125,6308,-2433,-340,-17,11,17
30333490,0.69775390625,-0.177001953125,-0.69305419921875,0.037841796875,6389,-2660,-395,-16,10,22
30343471,0.69805908203125,-0.18084716796875,-0.69171142578125,0.03887939453125,6463,-2873,-444,-15,10,25
30353455,0.6983642578125,-0.1845703125,-0.69036865234375,0.04010009765625,6525,-3091,-489,-13,10,24
30363443,0.6986083984375,-0.18804931640625,-0.68914794921875,0.041259765625,6609,-3258,-551,-12,10,21
30373425,0.69891357421875,-0.19091796875,-0.68798828125,0.0421142578125,6672,-3406,-603,-10,10,16
30383408,0.69921875,-0.1932373046875,-0.68695068359375,0.0426025390625,6724,-3510,-619,-9,9,10
30393390,0.69964599609375,-0.1949462890625,-0.68609619140625,0.04266357421875,6794,-3598,-633,-8,9,4
30403366,0.7000732421875,-0.19610595703125,-0.685302734375,0.04248046875,6878,-3653,-629,-7,9,0
30413350,0.7005615234375,-0.197021484375,-0.6845703125,0.04217529296875,6982,-3716,-600,-6,9,-2
30423329,0.7010498046875,-0.19775390625,-0.68389892578125,0.04180908203125,7080,-3750,-588,-5,8,-2
30433312,0.701416015625,-0.19842529296875,-0.68328857421875,0.04156494140625,7156,-3751,-563,-4,8,-1
30443297,0.70184326171875,-0.1990966796875,-0.68267822265625,0.0413818359375,7176,-3723,-534,-4,7,-1
30453287,0.70220947265625,-0.19970703125,-0.68212890625,0.04132080078125,7187,-3669,-506,-3,6,0
30463263,0.70245361328125,-0.2003173828125,-0.68170166015625,0.04132080078125,7193,-3592,-477,-3,5,0
30473250,0.70269775390625,-0.200927734375,-0.6812744140625,0.04144287109375,7195,-3506,-433,-3,4,2
30483237,0.702880859375,-0.20159912109375,-0.680908203125,0.0416259765625,7174,-3391,-365,-3,3,3
30493216,0.70294189453125,-0.20233154296875,-0.6805419921875,0.0418701171875,7173,-3273,-285,-3,1,5
30503199,0.70294189453125,-0.2032470703125,-0.6802978515625,0.04229736328125,7170,-3180,-232,-4,0,7
30513188,0.70281982421875,-0.204345703125,-0.6800537109375,0.0428466796875,7187,-3093,-177,-4,-1,8
30523168,0.70257568359375,-0.20556640625,-0.67987060546875,0.04339599609375,7220,-3034,-135,-5,-2,9
30533147,0.7022705078125,-0.206787109375,-0.6798095703125,0.04388427734375,7261,-2990,-111,-6,-3,9
30543119,0.70184326171875,-0.2080078125,-0.67987060546875,0.04437255859375,7315,-2969,-109,-6,-4,8
30553100,0.7012939453125,-0.2091064453125,-0.67999267578125,0.04473876953125,7352,-2943,-107,-6,-5,7
30563083,0.70074462890625,-0.21002197265625,-0.6802978515625,0.044921875,7363,-2895,-96,-6,-5,4
30573064,0.7001953125,-0.21063232421875,-0.68072509765625,0.04486083984375,7396,-2856,-87,-6,-6,2
30583050,0.69952392578125,-0.2110595703125,-0.6812744140625,0.0445556640625,7449,-2837,-61,-6,-7,-1
30593026,0.6988525390625,-0.21124267578125,-0.68194580078125,0.04400634765625,7482,-2819,-48,-6,-8,-3
30603012,0.6981201171875,-0.211181640625,-0.6827392578125,0.0433349609375,7502,-2807,-31,-6,-9,-6
30612991,0.6973876953125,-0.2108154296875,-0.68365478515625,0.04248046875,7554,-2811,-30,-5,-9,-9
30622982,0.69659423828125,-0.2103271484375,-0.6846923828125,0.04150390625,7597,-2829,-43,-5,-10,-11
30632958,0.69573974609375,-0.209716796875,-0.685791015625,0.04052734375,7637,-2848,-43,-4,-11,-11
30642940,0.6949462890625,-0.208984375,-0.6868896484375,0.03973388671875,7675,-2865,-57,-3,-11,-11
30652924,0.69415283203125,-0.208251953125,-0.68792724609375,0.0390625,7721,-2876,-78,-1,-11,-10
30662910,0.693359375,-0.20745849609375,-0.68896484375,0.0386962890625,7781,-2883,-98,0,-11,-8
30672888,0.692626953125,-0.20684814453125,-0.68994140625,0.03857421875,7833,-2878,-125,1,-11,-5
30682872,0.69189453125,-0.206298828125,-0.6907958984375,0.03887939453125,7882,-2860,-129,2,-11,-2
30692861,0.691162109375,-0.20599365234375,-0.69158935546875,0.0394287109375,7921,-2852,-143,3,-11,1
30702839,0.6904296875,-0.20574951171875,-0.69232177734375,0.040283203125,7964,-2860,-176,4,-11,3
30712821,0.68975830078125,-0.20556640625,-0.6929931640625,0.041259765625,8014,-2859,-200,5,-10,3
30722803,0.68914794921875,-0.20526123046875,-0.69366455078125,0.042236328125,8063,-2867,-225,5,-10,2
30732788,0.68853759765625,-0.2047119140625,-0.69439697265625,0.04302978515625,8118,-2875,-243,6,-10,-1
30742764,0.68804931640625,-0.2037353515625,-0.69512939453125,0.0435791015625,8190,-2897,-285,7,-9,-5
30752754,0.6876220703125,-0.202392578125,-0.6959228515625,0.04376220703125,8274,-2897,-320,8,-8,-9
30762736,0.687255859375,-0.2005615234375,-0.69683837890625,0.0435791015625,8349,-2868,-361,8,-8,-13
30772713,0.68695068359375,-0.1983642578125,-0.69775390625,0.0430908203125,8414,-2845,-377,8,-7,-18
30782696,0.686767578125,-0.19580078125,-0.69873046875,0.0421142578125,8497,-2808,-413,8,-7,-22
30792677,0.6865234375,-0.19293212890625,-0.6998291015625,0.04083251953125,8603,-2792,-451,8,-6,-26
30802660,0.6864013671875,-0.18975830078125,-0.70098876953125,0.03924560546875,8725,-2778,-512,8,-6,-29
30812643,0.686279296875,-0.1861572265625,-0.7021484375,0.037109375,8855,-2738,-571,7,-5,-35
30822629,0.68621826171875,-0.18194580078125,-0.7034912109375,0.0343017578125,8984,-2674,-609,6,-5,-44
30832611,0.6861572265625,-0.1767578125,-0.7049560546875,0.0303955078125,9155,-2568,-652,6,-4,-56
30842595,0.686279296875,-0.17047119140625,-0.7066650390625,0.0252685546875,9340,-2446,-687,5,-3,-69
30852577,0.6864013671875,-0.16302490234375,-0.70849609375,0.01885986328125,9556,-2318,-709,4,-2,-83
30862565,0.68658447265625,-0.15447998046875,-0.71038818359375,0.01116943359375,9807,-2156,-733,3,0,-96
30872543,0.686767578125,-0.14508056640625,-0.71221923828125,0.00250244140625,10049,-1989,-760,2,2,-106
30882526,0.68695068359375,-0.13507080078125,-0.7139892578125,-0.00689697265625,10262,-1790,-775,1,3,-113
30892508,0.6871337890625,-0.12469482421875,-0.71551513671875,-0.01666259765625,10446,-1582,-788,1,4,-116
30902490,0.687255859375,-0.1142578125,-0.7169189453125,-0.02655029296875,10580,-1348,-822,1,5,-117
30912474,0.68731689453125,-0.103759765625,-0.718017578125,-0.036376953125,10647,-1084,-814,2,7,-116
30922455,0.6873779296875,-0.09332275390625,-0.71881103515625,-0.04608154296875,10666,-790,-774,2,8,-114
30932433,0.6875,-0.0831298828125,-0.71929931640625,-0.05560302734375,10675,-502,-736,1,9,-111
30942424,0.6875,-0.0733642578125,-0.7196044921875,-0.0645751953125,10657,-220,-695,2,9,-105
30952409,0.68756103515625,-0.06396484375,-0.7196044921875,-0.0731201171875,10630,44,-640,2,10,-100
30962393,0.68756103515625,-0.05487060546875,-0.719482421875,-0.081298828125,10582,293,-589,3,10,-97
30972368,0.68756103515625,-0.04583740234375,-0.71917724609375,-0.08929443359375,10529,551,-533,3,11,-97
30982349,0.68743896484375,-0.03668212890625,-0.71875,-0.09747314453125,10435,809,-470,3,11,-99
30992333,0.687255859375,-0.02703857421875,-0.7181396484375,-0.10601806640625,10342,1087,-405,3,12,-104
31002316,0.6868896484375,-0.01690673828125,-0.7174072265625,-0.11517333984375,10252,1356,-325,2,12,-111
31012298,0.6864013671875,-0.00640869140625,-0.7164306640625,-0.12481689453125,10155,1597,-256,1,12,-116
31022279,0.6856689453125,0.00439453125,-0.71533203125,-0.134765625,10058,1833,-201,0,12,-119
31032263,0.68475341796875,0.0152587890625,-0.71405029296875,-0.14501953125,9957,2050,-147,-1,12,-121
31042240,0.68365478515625,0.02606201171875,-0.71258544921875,-0.1552734375,9858,2269,-110,-2,12,-121
31052232,0.682373046875,0.03668212890625,-0.7110595703125,-0.16558837890625,9799,2475,-76,-3,12,-121
31062213,0.68096923828125,0.0472412109375,-0.7093505859375,-0.1759033203125,9735,2686,-55,-4,11,-122
31072199,0.67926025390625,0.05755615234375,-0.70751953125,-0.1864013671875,9657,2887,-60,-6,10,-122
31082184,0.6773681640625,0.06768798828125,-0.70556640625,-0.19696044921875,9573,3072,-72,-8,9,-122
31092168,0.67523193359375,0.07763671875,-0.70355224609375,-0.20758056640625,9451,3225,-68,-9,9,-122
31102150,0.67291259765625,0.08734130859375,-0.70135498046875,-0.21832275390625,9331,3383,-51,-11,8,-122
31112119,0.67047119140625,0.09674072265625,-0.6990966796875,-0.22894287109375,9235,3498,-57,-13,7,-121
31122103,0.6678466796875,0.10565185546875,-0.69677734375,-0.2393798828125,9170,3609,-62,-14,6,-118
31132086,0.6651611328125,0.1142578125,-0.69439697265625,-0.24957275390625,9105,3713,-74,-14,6,-116
31142066,0.662353515625,0.12274169921875,-0.69189453125,-0.259765625,9045,3852,-98,-16,6,-117
31152051,0.6593017578125,0.13134765625,-0.689208984375,-0.270263671875,8991,3993,-126,-17,6,-121
31162036,0.656005859375,0.1402587890625,-0.68621826171875,-0.2811279296875,8940,4106,-149,-18,7,-127
31172017,0.65240478515625,0.14959716796875,-0.6829833984375,-0.29241943359375,8841,4205,-185,-19,7,-133
31181999,0.6485595703125,0.15936279296875,-0.6793212890625,-0.30419921875,8710,4294,-214,-19,8,-139
31191990,0.64434814453125,0.16949462890625,-0.67535400390625,-0.31622314453125,8584,4376,-238,-19,9,-144
31201973,0.6400146484375,0.17987060546875,-0.6710205078125,-0.32830810546875,8416,4486,-247,-19,11,-147
31211950,0.635498046875,0.19036865234375,-0.66632080078125,-0.3404541015625,8198,4656,-212,-19,11,-148
31221933,0.63079833984375,0.20098876953125,-0.66131591796875,-0.35272216796875,7960,4843,-185,-20,12,-150
31231913,0.6258544921875,0.211669921875,-0.65594482421875,-0.36505126953125,7717,5044,-144,-21,12,-151
31241897,0.6207275390625,0.22235107421875,-0.6502685546875,-0.37738037109375,7432,5265,-81,-22,13,-153
31251879,0.61541748046875,0.23309326171875,-0.6441650390625,-0.389892578125,7107,5450,-37,-23,14,-154
31261864,0.60980224609375,0.24383544921875,-0.6376953125,-0.402587890625,6746,5583,12,-24,14,-157
31271845,0.6038818359375,0.2547607421875,-0.63079833984375,-0.4154052734375,6333,5686,74,-25,14,-160
31281827,0.59765625,0.265625,-0.62353515625,-0.4283447265625,5892,5770,140,-26,14,-161
31291811,0.59130859375,0.2762451171875,-0.6160888671875,-0.44097900390625,5473,5839,194,-26,14,-158
31301794,0.58502197265625,0.28631591796875,-0.608642578125,-0.45318603515625,5102,5911,268,-27,13,-151
31311778,0.5791015625,0.29547119140625,-0.601318359375,-0.46453857421875,4753,5975,339,-27,13,-141
31321764,0.5736083984375,0.30377197265625,-0.5941162109375,-0.47515869140625,4419,6040,422,-28,13,-130
31331747,0.56854248046875,0.31121826171875,-0.58709716796875,-0.4849853515625,4102,6110,492,-29,13,-121
31341729,0.56365966796875,0.31817626953125,-0.5802001953125,-0.49444580078125,3823,6180,555,-29,12,-117
31351705,0.558837890625,0.32489013671875,-0.5731201171875,-0.503662109375,3559,6195,628,-30,13,-115
31361687,0.55389404296875,0.33154296875,-0.56591796875,-0.5128173828125,3316,6203,698,-30,13,-116
31371670,0.54888916015625,0.338134765625,-0.55853271484375,-0.52191162109375,3098,6186,753,-30,14,-117
31381654,0.54400634765625,0.34454345703125,-0.5511474609375,-0.5306396484375,2938,6157,811,-30,14,-112
31391636,0.53961181640625,0.35040283203125,-0.54400634765625,-0.53863525390625,2856,6109,849,-29,16,-104
31401616,0.535888671875,0.3555908203125,-0.53729248046875,-0.54559326171875,2801,6049,850,-28,17,-93
31411600,0.53277587890625,0.36029052734375,-0.531005859375,-0.55169677734375,2695,6014,866,-26,18,-84
31421582,0.5299072265625,0.3648681640625,-0.52490234375,-0.5572509765625,2551,6029,882,-24,19,-80
31431564,0.52679443359375,0.36968994140625,-0.5186767578125,-0.56280517578125,2374,6064,911,-23,19,-84
31441547,0.52325439453125,0.37493896484375,-0.51226806640625,-0.56854248046875,2188,6082,950,-21,20,-89
31451536,0.51910400390625,0.38067626953125,-0.50555419921875,-0.57452392578125,1996,6129,1004,-20,20,-95
31461512,0.51446533203125,0.38665771484375,-0.49853515625,-0.5806884765625,1803,6198,1079,-19,20,-100
31471493,0.50958251953125,0.392822265625,-0.491455078125,-0.5869140625,1620,6248,1151,-18,20,-101
31481476,0.5045166015625,0.39892578125,-0.48443603515625,-0.593017578125,1410,6285,1205,-17,19,-100
31491457,0.49945068359375,0.40484619140625,-0.4775390625,-0.59881591796875,1213,6321,1249,-16,18,-98
31501443,0.4942626953125,0.41064453125,-0.4708251953125,-0.6044921875,1035,6340,1283,-15,17,-97
31511427,0.48895263671875,0.4163818359375,-0.464111328125,-0.61004638671875,851,6335,1306,-14,16,-97
31521411,0.4832763671875,0.422119140625,-0.45745849609375,-0.61566162109375,665,6313,1340,-12,15,-99
31531394,0.477294921875,0.42791748046875,-0.4508056640625,-0.6212158203125,467,6275,1374,-11,14,-100
31541368,0.4710693359375,0.43365478515625,-0.4443359375,-0.6265869140625,260,6207,1426,-8,13,-99
31551353,0.46484375,0.43927001953125,-0.43804931640625,-0.6317138671875,52,6127,1465,-6,12,-95
31561334,0.45880126953125,0.44464111328125,-0.43231201171875,-0.63629150390625,-144,6040,1487,-3,11,-89
31571315,0.4532470703125,0.4495849609375,-0.42718505859375,-0.6402587890625,-335,5959,1519,-1,11,-79
31581302,0.4482421875,0.4541015625,-0.42279052734375,-0.64349365234375,-536,5866,1544,3,10,-69
31591280,0.4437255859375,0.458251953125,-0.41925048828125,-0.64605712890625,-744,5780,1572,6,9,-59
31601263,0.439453125,0.462158203125,-0.416259765625,-0.64813232421875,-949,5705,1592,9,9,-53
31611250,0.4351806640625,0.466064453125,-0.41363525390625,-0.64990234375,-1175,5638,1623,12,8,-52
31621235,0.43060302734375,0.47003173828125,-0.41119384765625,-0.65167236328125,-1399,5586,1662,15,7,-52
31631218,0.425537109375,0.47418212890625,-0.4088134765625,-0.6534423828125,-1623,5567,1687,18,6,-55
31641199,0.4200439453125,0.478515625,-0.406494140625,-0.6552734375,-1841,5554,1712,20,5,-58
31651188,0.41412353515625,0.48297119140625,-0.4041748046875,-0.65716552734375,-2078,5579,1745,22,4,-60
31661171,0.4078369140625,0.48748779296875,-0.40191650390625,-0.6591796875,-2275,5604,1762,24,2,-61
31671149,0.4013671875,0.49188232421875,-0.39990234375,-0.6611328125,-2474,5645,1750,25,0,-62
31681120,0.3946533203125,0.49615478515625,-0.3980712890625,-0.66302490234375,-2695,5709,1733,27,-2,-61
31691101,0.38763427734375,0.5003662109375,-0.3963623046875,-0.66510009765625,-2920,5787,1705,27,-5,-62
31701084,0.38031005859375,0.50439453125,-0.3946533203125,-0.667236328125,-3147,5885,1686,28,-7,-63
31711067,0.37274169921875,0.50823974609375,-0.3929443359375,-0.66961669921875,-3377,5997,1672,27,-9,-64
31721048,0.36505126953125,0.5118408203125,-0.39117431640625,-0.67218017578125,-3586,6109,1670,26,-12,-65
31731031,0.357421875,0.51507568359375,-0.38946533203125,-0.67474365234375,-3750,6177,1643,25,-14,-62
31741012,0.35015869140625,0.5177001953125,-0.3880615234375,-0.6773681640625,-3878,6239,1627,23,-17,-57
31750996,0.343505859375,0.51971435546875,-0.38702392578125,-0.67974853515625,-4001,6271,1596,21,-18,-49
31760982,0.337646484375,0.52099609375,-0.3865966796875,-0.6820068359375,-4094,6302,1554,19,-21,-39
31770959,0.33258056640625,0.52154541015625,-0.38677978515625,-0.6839599609375,-4183,6325,1516,18,-23,-29
31780942,0.32818603515625,0.521484375,-0.38739013671875,-0.685791015625,-4238,6339,1483,17,-25,-22
31790924,0.32415771484375,0.52093505859375,-0.3883056640625,-0.68756103515625,-4272,6349,1436,15,-27,-18
31800908,0.32037353515625,0.5201416015625,-0.3892822265625,-0.689453125,-4294,6343,1420,13,-28,-17
31810890,0.31658935546875,0.51910400390625,-0.39007568359375,-0.69146728515625,-4305,6335,1421,12,-29,-17
31820872,0.31292724609375,0.51800537109375,-0.3907470703125,-0.693603515625,-4275,6322,1416,10,-29,-18
31830854,0.30950927734375,0.5167236328125,-0.391357421875,-0.6956787109375,-4207,6294,1430,8,-29,-15
31840837,0.30670166015625,0.51519775390625,-0.39227294921875,-0.6976318359375,-4097,6231,1437,7,-28,-9
31850814,0.3046875,0.513427734375,-0.39349365234375,-0.6990966796875,-3976,6173,1427,7,-26,-1
31860799,0.30364990234375,0.51129150390625,-0.395263671875,-0.70013427734375,-3830,6101,1430,7,-24,9
31870780,0.30364990234375,0.5089111328125,-0.3975830078125,-0.70050048828125,-3679,6010,1438,7,-20,19
31880760,0.30462646484375,0.5064697265625,-0.40032958984375,-0.70037841796875,-3559,5931,1461,7,-16,27
31890750,0.3062744140625,0.50396728515625,-0.4031982421875,-0.69976806640625,-3450,5850,1489,7,-12,33
31900732,0.30853271484375,0.50164794921875,-0.40625,-0.69866943359375,-3372,5798,1534,8,-8,37
31910710,0.311279296875,0.4993896484375,-0.40948486328125,-0.69720458984375,-3303,5758,1586,8,-5,42
31920694,0.3145751953125,0.4971923828125,-0.412841796875,-0.69525146484375,-3238,5714,1638,9,-1,47
31930678,0.31854248046875,0.49493408203125,-0.41656494140625,-0.69287109375,-3151,5673,1676,10,2,54
31940660,0.32318115234375,0.49267578125,-0.420654296875,-0.68988037109375,-3059,5605,1721,11,6,61
31950642,0.328369140625,0.490478515625,-0.425048828125,-0.686279296875,-2962,5501,1727,13,10,67
31960629,0.3341064453125,0.48828125,-0.42974853515625,-0.68212890625,-2856,5415,1728,15,13,72
31970606,0.34002685546875,0.486328125,-0.43450927734375,-0.67755126953125,-2805,5335,1723,17,17,73
31980591,0.34576416015625,0.48480224609375,-0.43890380859375,-0.6728515625,-2799,5311,1732,17,20,69
31990577,0.35107421875,0.48388671875,-0.44287109375,-0.668212890625,-2833,5327,1726,18,22,63
32000559,0.35601806640625,0.48345947265625,-0.4464111328125,-0.66351318359375,-2845,5389,1710,18,25,58
32010540,0.3609619140625,0.48321533203125,-0.44976806640625,-0.65875244140625,-2848,5460,1667,18,26,58
32020523,0.3660888671875,0.48297119140625,-0.453125,-0.65374755859375,-2849,5525,1612,18,27,61
32033989,0.3717041015625,0.48236083984375,-0.45684814453125,-0.6484375,-2839,5589,1546,18,27,68
32040490,0.3778076171875,0.48126220703125,-0.4609375,-0.642822265625,-2811,5658,1488,16,26,75
32050472,0.38427734375,0.47967529296875,-0.46527099609375,-0.63702392578125,-2760,5735,1408,16,25,80
32060453,0.3909912109375,0.4776611328125,-0.4697265625,-0.631103515625,-2692,5827,1320,15,23,83
32070433,0.39764404296875,0.475341796875,-0.47430419921875,-0.625244140625,-2591,5930,1217,13,21,84
32080425,0.4044189453125,0.47271728515625,-0.47894287109375,-0.619384765625,-2457,6041,1121,12,19,85
32090406,0.4112548828125,0.4696044921875,-0.483642578125,-0.613525390625,-2252,6133,1016,10,17,88
32100389,0.41851806640625,0.46588134765625,-0.4888916015625,-0.6072998046875,-1949,6177,891,10,15,95
32110366,0.42633056640625,0.46136474609375,-0.49468994140625,-0.60052490234375,-1621,6212,741,10,14,104
32120348,0.43450927734375,0.4561767578125,-0.5010986328125,-0.59332275390625,-1300,6265,591,10,11,111
32130330,0.442626953125,0.4505615234375,-0.50762939453125,-0.58599853515625,-1015,6361,455,9,9,111
32140312,0.4501953125,0.4449462890625,-0.51385498046875,-0.57904052734375,-721,6524,356,8,7,104
32150296,0.45697021484375,0.43975830078125,-0.5194091796875,-0.57269287109375,-459,6686,237,6,6,92
32160277,0.462890625,0.43505859375,-0.52423095703125,-0.56707763671875,-184,6824,116,4,5,81
32170261,0.46832275390625,0.4306640625,-0.528564453125,-0.56195068359375,91,6901,28,2,4,75
32180240,0.4737548828125,0.4261474609375,-0.53277587890625,-0.556884765625,349,6922,-34,1,4,76
32190228,0.47955322265625,0.42108154296875,-0.53717041015625,-0.551513671875,631,6905,-110,0,3,83
32200210,0.4859619140625,0.4151611328125,-0.54217529296875,-0.54547119140625,929,6831,-177,0,3,94
32210199,0.49322509765625,0.4083251953125,-0.5477294921875,-0.53851318359375,1159,6775,-241,0,3,107
32220182,0.5009765625,0.400634765625,-0.5537109375,-0.53094482421875,1384,6742,-284,0,2,117
32230168,0.50909423828125,0.39227294921875,-0.55999755859375,-0.5228271484375,1651,6701,-297,-1,2,124
32240138,0.5174560546875,0.38336181640625,-0.56646728515625,-0.5142822265625,1945,6673,-292,-1,1,129
32250115,0.5260009765625,0.37384033203125,-0.572998046875,-0.50518798828125,2247,6611,-295,-1,1,134
32260101,0.53466796875,0.36395263671875,-0.57965087890625,-0.4957275390625,2490,6522,-287,0,1,138
32270081,0.5433349609375,0.353759765625,-0.586181640625,-0.48583984375,2730,6404,-265,1,1,141
32280064,0.5518798828125,0.34344482421875,-0.5926513671875,-0.47564697265625,2966,6230,-270,1,1,141
32290047,0.5599365234375,0.3333740234375,-0.598876953125,-0.4654541015625,3154,6112,-267,3,1,137
32300029,0.5673828125,0.32379150390625,-0.60467529296875,-0.4556884765625,3299,6024,-258,3,1,128
32310015,0.57391357421875,0.31488037109375,-0.60986328125,-0.44671630859375,3417,5939,-201,3,-1,116
32319992,0.5797119140625,0.30670166015625,-0.61444091796875,-0.43865966796875,3584,5922,-139,2,-2,106
32329981,0.58502197265625,0.29864501953125,-0.61871337890625,-0.4310302734375,3862,5852,-124,0,-3,101
32339958,0.59033203125,0.29022216796875,-0.623046875,-0.42315673828125,4158,5734,-99,0,-4,104
32349940,0.595947265625,0.28106689453125,-0.6275634765625,-0.41473388671875,4430,5606,-95,-1,-5,113
32359923,0.60174560546875,0.27099609375,-0.63250732421875,-0.40545654296875,4715,5465,-133,0,-7,124
32369903,0.60784912109375,0.25994873046875,-0.63787841796875,-0.39508056640625,4887,5295,-154,1,-8,136
32379887,0.6138916015625,0.248291015625,-0.64337158203125,-0.38421630859375,4933,5174,-157,2,-10,141
32389872,0.61962890625,0.236572265625,-0.648681640625,-0.37322998046875,4947,5084,-131,2,-11,142
32399851,0.62506103515625,0.22479248046875,-0.65374755859375,-0.36248779296875,5024,4999,-72,1,-11,139
32409834,0.6302490234375,0.2130126953125,-0.65850830078125,-0.35174560546875,5326,4867,-72,0,-12,138
32419815,0.63555908203125,0.20037841796875,-0.66339111328125,-0.34033203125,5817,4640,-106,0,-12,146
32429798,0.6412353515625,0.186279296875,-0.6685791015625,-0.3272705078125,6303,4316,-144,1,-13,163
32439781,0.64727783203125,0.170654296875,-0.67401123046875,-0.31243896484375,6727,3988,-207,4,-14,182
32449760,0.65325927734375,0.15374755859375,-0.67974853515625,-0.2958984375,7126,3630,-320,7,-16,197
32459753,0.65887451171875,0.13616943359375,-0.685546875,-0.278076171875,7514,3297,-401,11,-18,203
32469738,0.663818359375,0.11883544921875,-0.69110107421875,-0.260009765625,7939,3004,-471,14,-20,200
32479714,0.66796875,0.10223388671875,-0.69622802734375,-0.24212646484375,8462,2716,-563,16,-21,190
32489695,0.67120361328125,0.08673095703125,-0.70098876953125,-0.2249755859375,8924,2440,-644,18,-21,177
32499676,0.67352294921875,0.07281494140625,-0.70526123046875,-0.208984375,9223,2235,-685,20,-22,160
32509658,0.67510986328125,0.06072998046875,-0.70904541015625,-0.19451904296875,9408,2004,-745,21,-22,140
32519640,0.6759033203125,0.0504150390625,-0.7125244140625,-0.181396484375,9522,1766,-812,23,-22,122
32529629,0.67608642578125,0.04156494140625,-0.71588134765625,-0.1693115234375,9577,1567,-868,26,-24,109
32539605,0.67584228515625,0.03369140625,-0.71917724609375,-0.15771484375,9616,1407,-916,28,-25,103
32549588,0.67529296875,0.026123046875,-0.72247314453125,-0.14605712890625,9678,1298,-935,31,-26,103
32559573,0.67462158203125,0.0184326171875,-0.7257080078125,-0.1339111328125,9796,1244,-956,33,-28,109
32569554,0.673828125,0.0101318359375,-0.7288818359375,-0.12109375,10005,1225,-962,33,-29,118
32579536,0.6728515625,0.00103759765625,-0.73193359375,-0.107421875,10257,1201,-979,33,-30,128
32589516,0.67181396484375,-0.00885009765625,-0.73480224609375,-0.0931396484375,10476,1152,-996,33,-30,136
32599500,0.6705322265625,-0.01910400390625,-0.73748779296875,-0.07861328125,10597,1093,-1037,32,-32,140
32609482,0.66900634765625,-0.0291748046875,-0.73992919921875,-0.06439208984375,10587,1027,-1079,31,-31,136
32619466,0.66717529296875,-0.03857421875,-0.74212646484375,-0.05096435546875,10501,992,-1097,30,-31,128
32629448,0.6651611328125,-0.04693603515625,-0.74420166015625,-0.03863525390625,10385,958,-1102,29,-31,116
32639430,0.6630859375,-0.05419921875,-0.74609375,-0.02752685546875,10261,980,-1071,28,-30,104
32649422,0.66094970703125,-0.06048583984375,-0.747802734375,-0.01763916015625,10213,999,-1012,25,-30,94
32659402,0.658935546875,-0.06622314453125,-0.749267578125,-0.0086669921875,10292,988,-960,23,-28,88
32669385,0.656982421875,-0.07183837890625,-0.75048828125,-0.00018310546875,10444,931,-912,20,-26,86
32679362,0.6551513671875,-0.07781982421875,-0.75140380859375,0.008056640625,10660,816,-902,17,-24,88
32689344,0.65350341796875,-0.08441162109375,-0.7520751953125,0.016357421875,10876,646,-943,14,-21,92
32699326,0.65179443359375,-0.09161376953125,-0.75244140625,0.02484130859375,11021,429,-1018,12,-20,97
32709306,0.650146484375,-0.09930419921875,-0.7525634765625,0.033447265625,11112,204,-1109,11,-17,100
32719290,0.6485595703125,-0.107177734375,-0.75244140625,0.04193115234375,11130,-10,-1165,9,-16,100
32729274,0.64703369140625,-0.11480712890625,-0.7520751953125,0.050048828125,11086,-187,-1193,8,-14,96
32739255,0.645751953125,-0.12188720703125,-0.75152587890625,0.057373046875,11058,-331,-1200,7,-11,88
32749235,0.64471435546875,-0.12823486328125,-0.75091552734375,0.06378173828125,11039,-456,-1188,5,-9,80
32759226,0.6439208984375,-0.13385009765625,-0.7501220703125,0.06927490234375,11038,-612,-1168,4,-6,70
32769208,0.6434326171875,-0.13873291015625,-0.74920654296875,0.0738525390625,11057,-759,-1164,2,-3,61
32779185,0.6431884765625,-0.14306640625,-0.7481689453125,0.0777587890625,11065,-917,-1169,1,-1,55
32789178,0.64324951171875,-0.14697265625,-0.7470703125,0.08111572265625,11022,-1079,-1180,0,2,49
32799156,0.64349365234375,-0.15057373046875,-0.74578857421875,0.08404541015625,10919,-1223,-1178,0,5,44
32809134,0.64398193359375,-0.15374755859375,-0.74444580078125,0.08648681640625,10749,-1317,-1171,0,7,39
32819109,0.644775390625,-0.1563720703125,-0.74298095703125,0.08843994140625,10564,-1375,-1138,0,9,33
32829094,0.64581298828125,-0.158447265625,-0.741455078125,0.08978271484375,10347,-1381,-1092,-1,12,27
32839072,0.64703369140625,-0.16015625,-0.73992919921875,0.090576171875,10098,-1325,-1021,-1,14,22
32849054,0.64849853515625,-0.1614990234375,-0.73828125,0.09088134765625,9892,-1278,-929,-3,15,18
32859038,0.65008544921875,-0.16290283203125,-0.736572265625,0.091064453125,9726,-1276,-869,-4,17,18
32869021,0.65167236328125,-0.1646728515625,-0.73480224609375,0.09124755859375,9611,-1324,-822,-5,18,21
32879001,0.65325927734375,-0.16693115234375,-0.7327880859375,0.09185791015625,9526,-1425,-794,-6,19,26
32888989,0.65472412109375,-0.16998291015625,-0.73065185546875,0.0928955078125,9435,-1552,-814,-7,19,33
32898973,0.6561279296875,-0.17352294921875,-0.7283935546875,0.09442138671875,9363,-1707,-852,-6,19,38
32908950,0.65740966796875,-0.1773681640625,-0.72601318359375,0.09625244140625,9300,-1869,-904,-6,20,41
32918931,0.65863037109375,-0.18133544921875,-0.7236328125,0.09820556640625,9248,-2033,-974,-6,20,41
32928915,0.65985107421875,-0.18505859375,-0.72137451171875,0.10003662109375,9202,-2191,-1043,-5,19,37
32938897,0.6610107421875,-0.188232421875,-0.71923828125,0.1014404296875,9193,-2327,-1097,-5,19,31
32948880,0.6622314453125,-0.19073486328125,-0.71734619140625,0.102294921875,9222,-2485,-1140,-5,18,24
32958861,0.6634521484375,-0.192626953125,-0.7156982421875,0.1026611328125,9300,-2655,-1176,-4,17,16
32968843,0.6646728515625,-0.1937255859375,-0.71429443359375,0.1024169921875,9400,-2827,-1230,-4,16,8
32978828,0.6658935546875,-0.1939697265625,-0.7132568359375,0.10150146484375,9473,-2961,-1275,-3,15,-3
32988805,0.66705322265625,-0.193115234375,-0.71258544921875,0.0997314453125,9519,-3047,-1281,-3,13,-15
32998787,0.6683349609375,-0.19097900390625,-0.71240234375,0.09686279296875,9553,-3064,-1296,-2,12,-30
33008768,0.66961669921875,-0.18731689453125,-0.71270751953125,0.09271240234375,9547,-2993,-1284,-2,10,-46
33018759,0.6708984375,-0.18218994140625,-0.7135009765625,0.087158203125,9498,-2860,-1251,-2,8,-63
33028742,0.67218017578125,-0.1756591796875,-0.71478271484375,0.08026123046875,9435,-2647,-1187,-3,6,-78
33038718,0.67333984375,-0.16802978515625,-0.71636962890625,0.07220458984375,9354,-2374,-1092,-5,4,-90
33048700,0.67431640625,-0.15960693359375,-0.71820068359375,0.06329345703125,9272,-2095,-990,-6,2,-98
33058685,0.675048828125,-0.15081787109375,-0.72021484375,0.0537109375,9224,-1803,-900,-8,-1,-102
33068664,0.67547607421875,-0.14208984375,-0.72222900390625,0.0440673828125,9208,-1557,-825,-10,-2,-102
33078647,0.67547607421875,-0.13385009765625,-0.72430419921875,0.0345458984375,9277,-1375,-788,-12,-5,-98
33088629,0.6751708984375,-0.1263427734375,-0.726318359375,0.0255126953125,9423,-1274,-801,-13,-7,-90
33098613,0.674560546875,-0.1197509765625,-0.728271484375,0.017333984375,9660,-1243,-835,-13,-9,-80
33108595,0.673583984375,-0.11419677734375,-0.73016357421875,0.01019287109375,9998,-1292,-924,-13,-11,-70
33118578,0.67242431640625,-0.1094970703125,-0.73199462890625,0.00408935546875,10361,-1390,-1050,-12,-12,-61
33128560,0.67120361328125,-0.10516357421875,-0.7337646484375,-0.00140380859375,10697,-1466,-1164,-10,-12,-58
33138543,0.66986083984375,-0.100341796875,-0.73565673828125,-0.00689697265625,10982,-1514,-1276,-8,-13,-63
33148524,0.66851806640625,-0.094482421875,-0.737548828125,-0.0130615234375,11195,-1503,-1367,-6,-12,-75
33158510,0.6671142578125,-0.08697509765625,-0.73956298828125,-0.020263671875,11342,-1439,-1441,-3,-12,-93
33168490,0.66571044921875,-0.077392578125,-0.74163818359375,-0.02899169921875,11440,-1320,-1493,-1,-11,-113
33178477,0.6641845703125,-0.06591796875,-0.74365234375,-0.03900146484375,11505,-1166,-1548,1,-10,-133
33188457,0.66241455078125,-0.05279541015625,-0.74554443359375,-0.05023193359375,11501,-951,-1581,3,-10,-148
33198443,0.6605224609375,-0.03851318359375,-0.74725341796875,-0.06207275390625,11433,-690,-1593,5,-9,-157
33208427,0.65838623046875,-0.02362060546875,-0.7486572265625,-0.07415771484375,11361,-390,-1607,6,-9,-161
33218410,0.65594482421875,-0.0086669921875,-0.74981689453125,-0.08612060546875,11239,-41,-1596,7,-9,-159
33228392,0.65338134765625,0.0059814453125,-0.75067138671875,-0.09771728515625,11091,347,-1561,7,-9,-155
33238370,0.65069580078125,0.02020263671875,-0.751220703125,-0.10906982421875,10915,738,-1524,7,-9,-151
33248352,0.64776611328125,0.0340576171875,-0.75152587890625,-0.1201171875,10717,1134,-1496,6,-9,-147
33258334,0.6446533203125,0.04754638671875,-0.75164794921875,-0.1312255859375,10505,1518,-1459,3,-10,-145
33268316,0.641357421875,0.060791015625,-0.75152587890625,-0.142333984375,10287,1867,-1433,2,-10,-144
33278298,0.63787841796875,0.07366943359375,-0.7510986328125,-0.153564453125,10081,2168,-1414,-1,-11,-144
33288279,0.6341552734375,0.08636474609375,-0.75048828125,-0.1649169921875,9854,2436,-1416,-3,-11,-144
33298263,0.63031005859375,0.09869384765625,-0.7496337890625,-0.17633056640625,9619,2680,-1421,-6,-11,-143
33308250,0.62628173828125,0.11065673828125,-0.74853515625,-0.18768310546875,9372,2886,-1417,-8,-12,-140
33318233,0.6221923828125,0.1221923828125,-0.74725341796875,-0.198974609375,9156,3068,-1409,-10,-12,-139
33328216,0.617919921875,0.13330078125,-0.74578857421875,-0.21026611328125,8954,3222,-1398,-12,-12,-137
33338199,0.61358642578125,0.1441650390625,-0.74407958984375,-0.22161865234375,8758,3375,-1376,-14,-13,-138
33348185,0.6090087890625,0.15496826171875,-0.7420654296875,-0.2332763671875,8550,3524,-1373,-16,-13,-140
33358168,0.60418701171875,0.16583251953125,-0.73980712890625,-0.24530029296875,8314,3666,-1358,-19,-14,-144
33368151,0.59906005859375,0.1767578125,-0.7371826171875,-0.25775146484375,8072,3824,-1330,-21,-14,-147
33378121,0.59368896484375,0.187744140625,-0.7342529296875,-0.2705078125,7792,3987,-1307,-23,-14,-150
33388104,0.58807373046875,0.19866943359375,-0.73095703125,-0.28350830078125,7504,4134,-1298,-25,-15,-151
33398086,0.582275390625,0.2093505859375,-0.7274169921875,-0.296630859375,7212,4271,-1268,-27,-15,-151
33408067,0.5762939453125,0.21966552734375,-0.72369384765625,-0.3096923828125,6909,4398,-1267,-29,-16,-148
33418051,0.57025146484375,0.22943115234375,-0.7198486328125,-0.32257080078125,6605,4506,-1262,-31,-16,-144
33428032,0.564208984375,0.238525390625,-0.7158203125,-0.33526611328125,6313,4609,-1227,-33,-18,-140
33438019,0.55816650390625,0.24700927734375,-0.7117919921875,-0.34759521484375,6064,4681,-1197,-34,-18,-135
33448000,0.55218505859375,0.2548828125,-0.70770263671875,-0.359619140625,5849,4775,-1174,-35,-19,-129
33457989,0.54638671875,0.261962890625,-0.70367431640625,-0.37115478515625,5663,4843,-1161,-36,-19,-123
33467970,0.54071044921875,0.26837158203125,-0.69964599609375,-0.3822021484375,5495,4880,-1161,-37,-19,-116
33477950,0.53533935546875,0.27423095703125,-0.6956787109375,-0.39276123046875,5319,4890,-1164,-37,-18,-111
33487933,0.53009033203125,0.2796630859375,-0.69171142578125,-0.4029541015625,5175,4868,-1170,-37,-18,-107
33497914,0.52496337890625,0.28485107421875,-0.68768310546875,-0.41278076171875,5071,4843,-1203,-37,-17,-105
33507897,0.519775390625,0.28997802734375,-0.68365478515625,-0.42230224609375,4998,4849,-1242,-36,-16,-105
33517880,0.51458740234375,0.29534912109375,-0.679443359375,-0.4317626953125,4978,4886,-1255,-35,-14,-108
33527863,0.50933837890625,0.30096435546875,-0.6749267578125,-0.4410400390625,4979,4962,-1280,-34,-12,-110
33537845,0.5040283203125,0.306884765625,-0.670166015625,-0.4501953125,4937,5068,-1308,-34,-10,-112
33547827,0.4986572265625,0.313232421875,-0.6650390625,-0.4593505859375,4807,5188,-1316,-33,-7,-115
33557808,0.4931640625,0.3199462890625,-0.65948486328125,-0.468505859375,4638,5314,-1320,-33,-5,-118
33567792,0.487548828125,0.32708740234375,-0.65362548828125,-0.4776611328125,4415,5431,-1294,-32,-2,-121
33577778,0.4818115234375,0.3345947265625,-0.64727783203125,-0.48675537109375,4176,5536,-1262,-31,0,-124
33587763,0.4759521484375,0.34234619140625,-0.640625,-0.495849609375,3951,5648,-1209,-31,2,-126
33597743,0.4700927734375,0.35015869140625,-0.63372802734375,-0.5047607421875,3748,5771,-1137,-31,3,-126
33607727,0.46429443359375,0.35791015625,-0.626708984375,-0.513427734375,3511,5894,-1071,-31,4,-123
33617704,0.458740234375,0.36541748046875,-0.6195068359375,-0.52178955078125,3275,6025,-1006,-31,5,-120
33627686,0.45330810546875,0.3726806640625,-0.61224365234375,-0.5299072265625,3014,6129,-922,-31,7,-117
33637668,0.447998046875,0.37982177734375,-0.60491943359375,-0.5377197265625,2718,6203,-834,-31,8,-114
33647650,0.44287109375,0.38671875,-0.597412109375,-0.54534912109375,2399,6261,-732,-31,8,-112
33657633,0.437744140625,0.3935546875,-0.58984375,-0.55279541015625,2051,6279,-630,-31,9,-111
33667615,0.43243408203125,0.400390625,-0.58209228515625,-0.56024169921875,1691,6276,-498,-30,9,-111
33677599,0.427001953125,0.40716552734375,-0.57421875,-0.56756591796875,1365,6270,-378,-30,9,-111
33687580,0.42156982421875,0.413818359375,-0.56634521484375,-0.57470703125,1075,6294,-243,-30,8,-110
33697561,0.41619873046875,0.420166015625,-0.5584716796875,-0.5816650390625,809,6313,-107,-29,8,-106
33707544,0.41107177734375,0.426025390625,-0.55084228515625,-0.58831787109375,529,6343,32,-29,7,-100
33717527,0.40618896484375,0.4315185546875,-0.5433349609375,-0.59466552734375,235,6360,135,-29,7,-95
33727509,0.401611328125,0.43646240234375,-0.53619384765625,-0.60064697265625,-76,6359,247,-28,6,-88
33737491,0.3973388671875,0.44097900390625,-0.529296875,-0.606201171875,-371,6334,358,-27,5,-81
33747475,0.393310546875,0.445068359375,-0.52276611328125,-0.61151123046875,-642,6284,448,-27,5,-76
33757457,0.3895263671875,0.44879150390625,-0.5164794921875,-0.61651611328125,-894,6227,541,-26,4,-71
33767443,0.38592529296875,0.4522705078125,-0.5103759765625,-0.621337890625,-1114,6154,639,-26,3,-68
33777426,0.3824462890625,0.45538330078125,-0.50445556640625,-0.6259765625,-1299,6106,735,-25,3,-64
33787409,0.37908935546875,0.45831298828125,-0.498779296875,-0.63043212890625,-1498,6070,814,-24,2,-61
33797393,0.37591552734375,0.46099853515625,-0.49334716796875,-0.63470458984375,-1691,6044,894,-23,1,-57
33807369,0.37298583984375,0.46337890625,-0.48828125,-0.63861083984375,-1851,6022,935,-22,1,-52
33817350,0.370361328125,0.46539306640625,-0.483642578125,-0.64215087890625,-1976,5968,954,-21,0,-45
33827334,0.36822509765625,0.46697998046875,-0.47955322265625,-0.645263671875,-2088,5930,985,-19,0,-38
33837315,0.36627197265625,0.46832275390625,-0.47589111328125,-0.6480712890625,-2179,5901,1004,-17,-1,-34
33847296,0.3643798828125,0.46966552734375,-0.4725341796875,-0.65069580078125,-2262,5889,1005,-15,-1,-33
33857278,0.36224365234375,0.47113037109375,-0.46923828125,-0.6531982421875,-2336,5922,1018,-14,-1,-36
33867260,0.35968017578125,0.4727783203125,-0.46575927734375,-0.6558837890625,-2402,5976,1040,-13,-1,-40
33877240,0.35662841796875,0.4747314453125,-0.46209716796875,-0.65875244140625,-2471,6034,1072,-12,-2,-45
33887233,0.35321044921875,0.476806640625,-0.458251953125,-0.6617431640625,-2534,6117,1098,-11,-2,-48
33897214,0.34967041015625,0.47894287109375,-0.4544677734375,-0.6646728515625,-2579,6178,1135,-11,-3,-49
33907199,0.34619140625,0.48095703125,-0.45086669921875,-0.66754150390625,-2614,6230,1172,-10,-3,-47
33917185,0.3428955078125,0.4827880859375,-0.44744873046875,-0.670166015625,-2641,6271,1207,-9,-3,-44
33927168,0.33984375,0.48443603515625,-0.4443359375,-0.672607421875,-2652,6303,1251,-8,-3,-40
33937150,0.3370361328125,0.48602294921875,-0.44146728515625,-0.67474365234375,-2633,6325,1313,-7,-2,-38
33947125,0.33465576171875,0.48748779296875,-0.438720703125,-0.67669677734375,-2572,6330,1405,-6,1,-35
33957104,0.33270263671875,0.48895263671875,-0.4361572265625,-0.67828369140625,-2522,6345,1502,-6,3,-31
33967086,0.331298828125,0.490478515625,-0.4337158203125,-0.67938232421875,-2504,6376,1581,-5,7,-26
33977068,0.33050537109375,0.4920654296875,-0.43145751953125,-0.68011474609375,-2549,6407,1624,-5,11,-21
33987049,0.3302001953125,0.49371337890625,-0.42938232421875,-0.68035888671875,-2659,6451,1640,-4,14,-15
33997033,0.33038330078125,0.495361328125,-0.42767333984375,-0.68017578125,-2812,6498,1630,-4,16,-10
34007015,0.3309326171875,0.49688720703125,-0.42626953125,-0.6796875,-2980,6539,1586,-2,17,-4
34016999,0.331787109375,0.4981689453125,-0.42529296875,-0.67889404296875,-3145,6586,1532,-2,16,2
34026982,0.33294677734375,0.49920654296875,-0.42462158203125,-0.677978515625,-3298,6646,1496,-1,14,5
34036969,0.3341064453125,0.5,-0.42431640625,-0.677001953125,-3412,6694,1474,0,13,8
34046944,0.33526611328125,0.50067138671875,-0.4241943359375,-0.676025390625,-3535,6754,1439,1,11,9
34056925,0.336181640625,0.50128173828125,-0.4241943359375,-0.67510986328125,-3643,6819,1435,2,9,7
34066910,0.336669921875,0.5018310546875,-0.4241943359375,-0.67449951171875,-3735,6874,1417,3,7,5
34076891,0.33673095703125,0.50244140625,-0.42413330078125,-0.67401123046875,-3813,6903,1388,4,5,2
34086873,0.33642578125,0.503173828125,-0.42413330078125,-0.67364501953125,-3873,6922,1367,5,3,0
34096861,0.33587646484375,0.50372314453125,-0.42431640625,-0.67333984375,-3891,6943,1331,7,1,0
34106840,0.33526611328125,0.504150390625,-0.4248046875,-0.67303466796875,-3896,6961,1314,8,-1,2
34116819,0.334716796875,0.5042724609375,-0.42572021484375,-0.67266845703125,-3894,6993,1281,10,-3,5
34126801,0.33416748046875,0.504150390625,-0.42706298828125,-0.67218017578125,-3887,7062,1242,11,-5,7
34136783,0.3336181640625,0.5037841796875,-0.42864990234375,-0.67169189453125,-3862,7126,1213,12,-8,8
34146764,0.3328857421875,0.5032958984375,-0.43035888671875,-0.67132568359375,-3828,7200,1187,12,-9,8
34156754,0.33209228515625,0.50262451171875,-0.43218994140625,-0.67108154296875,-3767,7255,1177,13,-11,8
34166737,0.331298828125,0.50177001953125,-0.43414306640625,-0.67083740234375,-3695,7300,1171,13,-13,9
34176712,0.33056640625,0.500732421875,-0.43621826171875,-0.67059326171875,-3620,7305,1189,13,-14,10
34186694,0.3299560546875,0.49945068359375,-0.4384765625,-0.67034912109375,-3519,7291,1205,13,-15,12
34196678,0.32965087890625,0.498046875,-0.44085693359375,-0.6700439453125,-3425,7226,1219,12,-14,15
34206660,0.32952880859375,0.4964599609375,-0.44329833984375,-0.669677734375,-3328,7082,1222,12,-14,18
34216641,0.32977294921875,0.49468994140625,-0.44580078125,-0.669189453125,-3227,6888,1210,11,-13,20
34226629,0.330322265625,0.492919921875,-0.4483642578125,-0.66851806640625,-3159,6638,1199,10,-12,24
34236605,0.33135986328125,0.490966796875,-0.45098876953125,-0.66766357421875,-3106,6441,1199,9,-10,29
34246589,0.33306884765625,0.48876953125,-0.45367431640625,-0.66656494140625,-3086,6280,1224,7,-8,35
34256572,0.33551025390625,0.48626708984375,-0.4566650390625,-0.6651611328125,-3081,6155,1263,6,-7,44
34266554,0.33905029296875,0.483154296875,-0.4600830078125,-0.663330078125,-3050,6046,1315,5,-5,56
34276538,0.3438720703125,0.47930908203125,-0.46417236328125,-0.6607666015625,-2986,5927,1342,4,-4,71
34286520,0.34991455078125,0.47467041015625,-0.468994140625,-0.65753173828125,-2903,5810,1369,4,-3,85
34296503,0.3570556640625,0.4693603515625,-0.47442626953125,-0.653564453125,-2785,5660,1377,4,-1,98
34306492,0.36505126953125,0.46343994140625,-0.48040771484375,-0.64898681640625,-2626,5500,1387,5,0,107
34316470,0.37359619140625,0.4571533203125,-0.48675537109375,-0.64385986328125,-2414,5332,1355,5,1,113
34326454,0.38232421875,0.45074462890625,-0.49334716796875,-0.63818359375,-2209,5194,1282,7,2,117
34336433,0.3912353515625,0.444091796875,-0.50006103515625,-0.6322021484375,-2005,5114,1224,8,3,120
34346425,0.400146484375,0.4375,-0.5068359375,-0.62579345703125,-1778,5078,1153,10,3,120
34356406,0.4088134765625,0.4310302734375,-0.5135498046875,-0.619140625,-1598,5088,1076,11,4,118
34366389,0.41693115234375,0.42498779296875,-0.51995849609375,-0.612548828125,-1464,5153,1007,12,5,111
34376367,0.42431640625,0.4195556640625,-0.5257568359375,-0.60626220703125,-1360,5259,956,12,6,102
34386349,0.430908203125,0.414794921875,-0.5308837890625,-0.60040283203125,-1271,5376,933,12,7,90
34396330,0.4366455078125,0.4107666015625,-0.5352783203125,-0.5950927734375,-1190,5504,895,11,7,80
34406314,0.44195556640625,0.4072265625,-0.53912353515625,-0.590087890625,-1076,5611,859,10,8,74
34416296,0.44732666015625,0.40350341796875,-0.54290771484375,-0.58514404296875,-901,5697,833,9,8,77
34426279,0.45343017578125,0.39898681640625,-0.547119140625,-0.57952880859375,-641,5735,773,8,8,88
34436263,0.460693359375,0.39312744140625,-0.55224609375,-0.5728759765625,-340,5782,692,8,7,107
34446240,0.46929931640625,0.38568115234375,-0.55841064453125,-0.56494140625,-4,5872,604,8,6,127
34456233,0.47900390625,0.37689208984375,-0.5653076171875,-0.55584716796875,336,5988,531,8,5,144
34466214,0.4893798828125,0.36688232421875,-0.5726318359375,-0.5458984375,700,6104,508,7,4,155
34476199,0.5,0.35614013671875,-0.58001708984375,-0.53546142578125,1072,6194,455,6,3,159
34486186,0.51055908203125,0.34515380859375,-0.58721923828125,-0.52484130859375,1413,6223,391,5,4,160
34496168,0.52081298828125,0.33404541015625,-0.593994140625,-0.51416015625,1797,6168,299,4,4,157
34506151,0.53076171875,0.322998046875,-0.60052490234375,-0.50335693359375,2259,6051,199,3,4,154
34516121,0.54052734375,0.3118896484375,-0.6068115234375,-0.49237060546875,2775,5897,84,4,5,152
34526103,0.550048828125,0.30059814453125,-0.613037109375,-0.48089599609375,3310,5759,-51,5,5,153
34536085,0.55950927734375,0.2891845703125,-0.61920166015625,-0.468994140625,3823,5672,-171,6,6,154
34546068,0.5687255859375,0.27777099609375,-0.6251220703125,-0.456787109375,4274,5626,-270,7,6,153
34556050,0.57745361328125,0.26678466796875,-0.630615234375,-0.4447021484375,4545,5598,-323,8,8,147
34566031,0.5853271484375,0.25677490234375,-0.63525390625,-0.4334716796875,4681,5595,-334,8,9,134
34576015,0.59222412109375,0.24822998046875,-0.63909912109375,-0.42333984375,4765,5557,-344,8,10,116
34585997,0.5982666015625,0.24090576171875,-0.6422119140625,-0.41424560546875,4940,5513,-358,8,11,101
34595987,0.6038818359375,0.234130859375,-0.64501953125,-0.40557861328125,5174,5449,-369,8,12,96
34605968,0.60955810546875,0.2271728515625,-0.64764404296875,-0.39666748046875,5409,5382,-359,8,13,100
34615945,0.61566162109375,0.21954345703125,-0.650390625,-0.38702392578125,5607,5289,-351,7,14,110
34625925,0.6221923828125,0.21087646484375,-0.6531982421875,-0.37646484375,5763,5192,-341,7,14,121
34635909,0.62896728515625,0.20135498046875,-0.6561279296875,-0.36517333984375,5889,5060,-342,7,13,131
34645891,0.6358642578125,0.1910400390625,-0.65911865234375,-0.3531494140625,6050,4903,-326,7,12,139
34655874,0.642822265625,0.1800537109375,-0.66217041015625,-0.3404541015625,6164,4711,-313,7,11,146
34665856,0.6495361328125,0.16845703125,-0.665283203125,-0.32733154296875,6257,4549,-305,7,9,151
34675839,0.656005859375,0.156494140625,-0.66839599609375,-0.31378173828125,6378,4409,-282,8,6,155
34685821,0.66217041015625,0.14404296875,-0.67144775390625,-0.29986572265625,6555,4286,-226,7,4,159
34695803,0.66815185546875,0.13104248046875,-0.67437744140625,-0.28582763671875,6801,4141,-185,5,3,162
34705786,0.67376708984375,0.11761474609375,-0.67706298828125,-0.2716064453125,7116,3943,-150,3,1,163
34715764,0.6790771484375,0.1038818359375,-0.67950439453125,-0.25750732421875,7394,3698,-105,1,0,162
34725758,0.6839599609375,0.09002685546875,-0.68170166015625,-0.24365234375,7634,3399,-91,0,-1,159
34735738,0.6883544921875,0.07635498046875,-0.68365478515625,-0.23004150390625,7823,3063,-113,-1,-3,156
34745713,0.69219970703125,0.0628662109375,-0.685546875,-0.21673583984375,8027,2747,-144,-2,-5,151
34755694,0.695556640625,0.04937744140625,-0.68719482421875,-0.20367431640625,8326,2445,-165,-3,-6,150
34765679,0.69854736328125,0.03582763671875,-0.6888427734375,-0.1905517578125,8673,2197,-180,-3,-8,150
34775660,0.701171875,0.02197265625,-0.690185546875,-0.1773681640625,8940,2012,-150,-5,-9,152
34785643,0.7034912109375,0.008056640625,-0.69134521484375,-0.16448974609375,9178,1834,-83,-7,-11,151
34795629,0.70550537109375,-0.005859375,-0.692138671875,-0.15203857421875,9424,1603,-27,-10,-11,148
34805606,0.7071533203125,-0.01971435546875,-0.69281005859375,-0.14007568359375,9642,1347,-6,-12,-12,144
34815589,0.70831298828125,-0.033447265625,-0.69329833984375,-0.12847900390625,9862,1058,-29,-14,-13,141
34825570,0.7091064453125,-0.047119140625,-0.6937255859375,-0.1170654296875,10050,730,-45,-14,-15,139
34835554,0.70953369140625,-0.0606689453125,-0.69403076171875,-0.10565185546875,10156,403,-53,-14,-16,138
34845536,0.7095947265625,-0.07403564453125,-0.6943359375,-0.09442138671875,10183,152,-48,-14,-18,136
34855518,0.70928955078125,-0.0869140625,-0.69451904296875,-0.08349609375,10128,-15,-18,-13,-19,133
34865500,0.708740234375,-0.0992431640625,-0.69464111328125,-0.0731201171875,10065,-146,35,-13,-20,127
34875481,0.7078857421875,-0.1109619140625,-0.6947021484375,-0.06341552734375,10028,-286,91,-14,-21,120
34885465,0.70684814453125,-0.12213134765625,-0.69464111328125,-0.0543212890625,10051,-466,157,-14,-21,114
34895446,0.70556640625,-0.1329345703125,-0.694580078125,-0.045654296875,10142,-730,157,-15,-21,109
34905425,0.7041015625,-0.1435546875,-0.6944580078125,-0.037109375,10204,-1017,139,-15,-22,108
34915416,0.70245361328125,-0.154052734375,-0.69427490234375,-0.02850341796875,10213,-1325,104,-14,-23,107
34925398,0.7005615234375,-0.1644287109375,-0.694091796875,-0.01971435546875,10192,-1634,44,-12,-24,108
34935376,0.69854736328125,-0.1746826171875,-0.69384765625,-0.01068115234375,10143,-1900,-34,-10,-25,108
34945358,0.6962890625,-0.18463134765625,-0.693603515625,-0.00146484375,10061,-2087,-104,-8,-26,108
34955344,0.69390869140625,-0.19415283203125,-0.693359375,0.0076904296875,9932,-2201,-138,-6,-27,106
34965324,0.6915283203125,-0.20306396484375,-0.69305419921875,0.01641845703125,9834,-2293,-117,-5,-27,101
34975305,0.68914794921875,-0.2113037109375,-0.69268798828125,0.024658203125,9831,-2441,-107,-5,-26,94
34985287,0.686767578125,-0.2191162109375,-0.69232177734375,0.032470703125,9900,-2649,-105,-4,-25,90
34995272,0.6844482421875,-0.22650146484375,-0.69183349609375,0.04010009765625,10009,-2872,-134,-4,-24,87
35005254,0.68206787109375,-0.2337646484375,-0.6912841796875,0.047607421875,10146,-3142,-185,-3,-24,86
35015233,0.67974853515625,-0.24078369140625,-0.69061279296875,0.05523681640625,10215,-3407,-265,-1,-23,85
35025229,0.67742919921875,-0.24749755859375,-0.6898193359375,0.06280517578125,10222,-3618,-341,1,-22,83
35035210,0.67523193359375,-0.253662109375,-0.6890869140625,0.07025146484375,10157,-3772,-386,3,-22,80
35045189,0.673095703125,-0.25909423828125,-0.68841552734375,0.07708740234375,9992,-3793,-415,4,-21,72
35055181,0.67120361328125,-0.2635498046875,-0.6878662109375,0.08319091796875,9786,-3742,-399,5,-20,62
35065168,0.66949462890625,-0.2669677734375,-0.68756103515625,0.0882568359375,9529,-3629,-362,5,-19,50
35075137,0.66802978515625,-0.2694091796875,-0.68743896484375,0.09234619140625,9306,-3532,-302,5,-17,40
35085115,0.66680908203125,-0.27117919921875,-0.6875,0.09564208984375,9159,-3464,-262,4,-16,33
35095098,0.66558837890625,-0.27276611328125,-0.68768310546875,0.09844970703125,9058,-3424,-246,3,-15,30
35105079,0.6644287109375,-0.2744140625,-0.687744140625,0.101318359375,8981,-3417,-250,2,-15,32
35115061,0.66326904296875,-0.27642822265625,-0.68756103515625,0.1043701171875,8951,-3478,-256,2,-14,36
35125045,0.66204833984375,-0.279052734375,-0.68719482421875,0.1077880859375,8924,-3579,-300,1,-13,42
35135026,0.6607666015625,-0.2821044921875,-0.6865234375,0.11163330078125,8885,-3672,-341,2,-12,47
35145009,0.65960693359375,-0.28546142578125,-0.68560791015625,0.11566162109375,8834,-3758,-400,2,-10,49
35154993,0.658447265625,-0.2889404296875,-0.6845703125,0.11968994140625,8721,-3838,-446,1,-8,49
35164980,0.657470703125,-0.29229736328125,-0.68341064453125,0.1234130859375,8610,-3911,-498,1,-6,46
35174955,0.65667724609375,-0.29547119140625,-0.68218994140625,0.126953125,8514,-4002,-546,1,-4,44
35184937,0.65594482421875,-0.298583984375,-0.680908203125,0.13018798828125,8439,-4113,-593,1,-3,42
35194917,0.6553955078125,-0.301513671875,-0.6795654296875,0.13336181640625,8333,-4211,-629,1,-2,41
35204901,0.6549072265625,-0.30438232421875,-0.67816162109375,0.13641357421875,8228,-4330,-672,2,-1,39
