subject,Peter Cope
arm,right
label,1
hz,100.17633706692767
time,3.743399

timestamp_us,q0,q1,q2,q3,ax,ay,az,gx,gy,gz
74012801,-0.5537109375,-0.514892578125,0.453125,-0.4722900390625,8058,1138,455,0,0,-1
74022788,-0.55377197265625,-0.51483154296875,0.453125,-0.47235107421875,8056,1147,459,-1,0,0
74032766,-0.55377197265625,-0.5147705078125,0.453125,-0.47235107421875,8071,1156,466,-1,0,0
74042742,-0.5538330078125,-0.5146484375,0.453125,-0.472412109375,8082,1164,470,-1,0,0
74052724,-0.55389404296875,-0.51458740234375,0.45306396484375,-0.472412109375,8093,1177,462,-1,0,0
74062708,-0.553955078125,-0.5145263671875,0.45306396484375,-0.472412109375,8090,1175,455,-1,0,0
74072691,-0.5540771484375,-0.51446533203125,0.4530029296875,-0.472412109375,8078,1175,468,-1,1,-1
74082670,-0.55419921875,-0.51434326171875,0.4530029296875,-0.472412109375,8071,1167,463,-1,0,-1
74092658,-0.55426025390625,-0.5142822265625,0.45294189453125,-0.47247314453125,8046,1154,466,-1,1,0
74102636,-0.55438232421875,-0.51416015625,0.45294189453125,-0.47247314453125,8025,1144,479,-1,1,0
74112620,-0.554443359375,-0.5140380859375,0.4530029296875,-0.4725341796875,8015,1142,489,-2,0,0
74122604,-0.55450439453125,-0.513916015625,0.45306396484375,-0.47247314453125,8012,1138,492,-2,0,0
74132591,-0.5545654296875,-0.5137939453125,0.453125,-0.47247314453125,8042,1143,496,-2,0,0
74142566,-0.55462646484375,-0.51373291015625,0.45318603515625,-0.47235107421875,8071,1148,498,-2,-1,0
74152547,-0.55474853515625,-0.51373291015625,0.4532470703125,-0.4722900390625,8101,1158,492,-1,-1,-1
74162528,-0.5548095703125,-0.513671875,0.45330810546875,-0.47216796875,8120,1158,498,-2,-1,-1
74172515,-0.554931640625,-0.513671875,0.45330810546875,-0.47198486328125,8164,1166,485,-2,0,-2
74182495,-0.5550537109375,-0.513671875,0.45330810546875,-0.47186279296875,8191,1174,487,-2,0,-1
74192474,-0.55523681640625,-0.5135498046875,0.45330810546875,-0.47174072265625,8226,1177,494,-2,0,-1
74202466,-0.55535888671875,-0.513427734375,0.45330810546875,-0.4716796875,8240,1179,493,-2,0,-1
74212451,-0.55548095703125,-0.51324462890625,0.453369140625,-0.4716796875,8231,1171,495,-2,1,0
74222429,-0.5556640625,-0.51300048828125,0.453369140625,-0.47174072265625,8219,1162,502,-2,1,0
74232407,-0.5557861328125,-0.51275634765625,0.45343017578125,-0.47186279296875,8188,1155,502,-2,2,1
74242389,-0.55596923828125,-0.512451171875,0.45343017578125,-0.47198486328125,8150,1131,502,-2,2,0
74252370,-0.55609130859375,-0.51220703125,0.45343017578125,-0.47210693359375,8108,1110,490,-2,2,0
74262354,-0.55621337890625,-0.511962890625,0.453369140625,-0.47222900390625,8052,1104,492,-2,1,0
74272338,-0.55633544921875,-0.5118408203125,0.453369140625,-0.4722900390625,8012,1093,496,-1,1,-1
74282327,-0.556396484375,-0.51165771484375,0.453369140625,-0.47235107421875,7969,1069,499,-1,0,0
74292304,-0.55645751953125,-0.51153564453125,0.45343017578125,-0.472412109375,7933,1065,487,-1,0,0
74302281,-0.55645751953125,-0.511474609375,0.45343017578125,-0.47247314453125,7932,1077,494,-1,0,0
74312278,-0.556396484375,-0.511474609375,0.4534912109375,-0.47247314453125,7924,1077,485,0,-1,0
74322259,-0.55633544921875,-0.51153564453125,0.4534912109375,-0.47247314453125,7918,1081,475,0,-1,-1
74332240,-0.5562744140625,-0.51165771484375,0.45355224609375,-0.47235107421875,7918,1085,480,0,-1,-1
74342227,-0.5562744140625,-0.51177978515625,0.4534912109375,-0.4722900390625,7926,1090,485,0,-1,-1
74352209,-0.55615234375,-0.51190185546875,0.45355224609375,-0.47222900390625,7930,1101,488,0,-2,-1
74362191,-0.55609130859375,-0.5120849609375,0.45355224609375,-0.47216796875,7943,1114,496,0,-2,-1
74372160,-0.55596923828125,-0.51220703125,0.45361328125,-0.4720458984375,7959,1140,504,0,-2,-1
74382142,-0.555908203125,-0.5123291015625,0.45367431640625,-0.47198486328125,7967,1156,513,0,-3,-1
74392132,-0.5557861328125,-0.512451171875,0.4537353515625,-0.47186279296875,8001,1174,511,0,-2,0
74402114,-0.55572509765625,-0.5125732421875,0.45379638671875,-0.47174072265625,8036,1198,516,0,-2,0
74412092,-0.5556640625,-0.51275634765625,0.45391845703125,-0.4715576171875,8068,1229,526,-1,-3,-1
74422075,-0.5556640625,-0.512939453125,0.45391845703125,-0.47137451171875,8095,1246,517,0,-2,-2
74432053,-0.5556640625,-0.5130615234375,0.4539794921875,-0.47119140625,8122,1239,529,-1,-2,-2
74442036,-0.55572509765625,-0.51318359375,0.4539794921875,-0.470947265625,8140,1237,528,-1,-2,-2
74452023,-0.55572509765625,-0.5133056640625,0.45404052734375,-0.47076416015625,8142,1227,525,-1,-2,-1
74461999,-0.55572509765625,-0.51336669921875,0.4541015625,-0.4705810546875,8153,1228,525,-1,-2,-1
74471988,-0.55572509765625,-0.51336669921875,0.4542236328125,-0.47052001953125,8165,1230,524,-1,-2,0
74481966,-0.55572509765625,-0.5133056640625,0.454345703125,-0.47039794921875,8168,1226,533,-1,-1,0
74491949,-0.5557861328125,-0.5133056640625,0.45440673828125,-0.4703369140625,8189,1233,524,-1,-1,0
74501929,-0.55584716796875,-0.51324462890625,0.4544677734375,-0.47027587890625,8189,1240,509,-1,-1,0
74511916,-0.555908203125,-0.51324462890625,0.4544677734375,-0.47021484375,8185,1239,519,-1,0,-1
74521895,-0.55609130859375,-0.51318359375,0.45440673828125,-0.47015380859375,8170,1233,518,-1,0,-2
74531878,-0.5562744140625,-0.51318359375,0.45428466796875,-0.47003173828125,8137,1225,516,-1,0,-2
74541860,-0.55645751953125,-0.51318359375,0.45416259765625,-0.46990966796875,8108,1206,528,-1,0,-2
74551843,-0.55670166015625,-0.51324462890625,0.45404052734375,-0.4697265625,8079,1204,520,-1,0,-3
74561824,-0.556884765625,-0.51324462890625,0.45391845703125,-0.46954345703125,8059,1188,525,-1,0,-3
74571804,-0.5570068359375,-0.51324462890625,0.453857421875,-0.46942138671875,8037,1181,525,-1,0,-2
74581796,-0.55712890625,-0.51324462890625,0.45379638671875,-0.4693603515625,8021,1169,514,-1,0,-1
74591778,-0.5572509765625,-0.51324462890625,0.45379638671875,-0.46923828125,8002,1175,496,-1,0,-1
74601754,-0.55731201171875,-0.51324462890625,0.45379638671875,-0.4691162109375,7990,1163,476,-1,0,-2
74611736,-0.5574951171875,-0.51324462890625,0.4537353515625,-0.468994140625,7973,1156,475,-1,0,-2
74621721,-0.5576171875,-0.5133056640625,0.4537353515625,-0.46881103515625,7957,1139,454,-2,-1,-3
74631698,-0.557861328125,-0.513427734375,0.45361328125,-0.46844482421875,7930,1145,433,-1,-1,-4
74641680,-0.55804443359375,-0.513671875,0.4534912109375,-0.468017578125,7910,1147,418,-1,-2,-5
74651661,-0.55828857421875,-0.51397705078125,0.453369140625,-0.46759033203125,7880,1153,413,-1,-2,-5
74661645,-0.55841064453125,-0.5142822265625,0.45330810546875,-0.4671630859375,7858,1146,416,-1,-3,-4
74671629,-0.5584716796875,-0.51458740234375,0.453369140625,-0.46673583984375,7843,1144,419,-1,-3,-4
74681611,-0.55841064453125,-0.5147705078125,0.4534912109375,-0.4664306640625,7850,1137,433,-1,-4,-2
74691600,-0.5582275390625,-0.51495361328125,0.45379638671875,-0.4661865234375,7861,1140,451,-1,-4,0
74701577,-0.5579833984375,-0.5150146484375,0.45416259765625,-0.46600341796875,7864,1143,472,-1,-5,1
74711560,-0.5577392578125,-0.5150146484375,0.45465087890625,-0.46588134765625,7880,1134,472,-1,-4,2
74721542,-0.55743408203125,-0.51507568359375,0.45513916015625,-0.46575927734375,7898,1133,502,-1,-5,2
74731524,-0.55706787109375,-0.51513671875,0.45562744140625,-0.465576171875,7923,1113,521,-1,-5,1
74741506,-0.5567626953125,-0.51519775390625,0.45611572265625,-0.46539306640625,7977,1105,531,-1,-6,1
74751489,-0.55645751953125,-0.51531982421875,0.45660400390625,-0.46514892578125,8015,1102,528,-1,-6,1
74761467,-0.55615234375,-0.515380859375,0.45709228515625,-0.4649658203125,8066,1100,532,-1,-5,1
74771461,-0.5557861328125,-0.515380859375,0.4576416015625,-0.46478271484375,8105,1076,532,-2,-5,2
74781439,-0.555419921875,-0.515380859375,0.458251953125,-0.4647216796875,8139,1056,536,-2,-5,3
74791415,-0.55499267578125,-0.51519775390625,0.4588623046875,-0.46478271484375,8175,1026,541,-1,-5,4
74801399,-0.554443359375,-0.514892578125,0.45965576171875,-0.4649658203125,8235,984,518,-1,-4,6
74811384,-0.55389404296875,-0.5145263671875,0.46044921875,-0.46533203125,8321,935,516,-1,-4,7
74821363,-0.55322265625,-0.51409912109375,0.4613037109375,-0.4656982421875,8466,876,504,-2,-4,7
74831345,-0.5526123046875,-0.513671875,0.462158203125,-0.466064453125,8586,827,480,-1,-3,7
74841327,-0.55194091796875,-0.51312255859375,0.4630126953125,-0.466552734375,8686,783,457,-2,-3,8
74851309,-0.55126953125,-0.51239013671875,0.4639892578125,-0.46728515625,8730,736,432,-2,-1,11
74861291,-0.55029296875,-0.5113525390625,0.4652099609375,-0.46832275390625,8719,679,433,-2,-1,16
74871273,-0.549072265625,-0.50982666015625,0.46673583984375,-0.46990966796875,8682,596,434,-2,0,22
74881263,-0.54754638671875,-0.50787353515625,0.46856689453125,-0.47198486328125,8661,494,453,-1,1,29
74891247,-0.54571533203125,-0.50555419921875,0.47064208984375,-0.4744873046875,8653,389,467,-1,2,34
74901224,-0.543701171875,-0.5030517578125,0.472900390625,-0.477294921875,8633,267,470,-1,3,36
74911216,-0.54156494140625,-0.50030517578125,0.4752197265625,-0.48028564453125,8622,160,470,-1,4,38
74921199,-0.53936767578125,-0.49749755859375,0.47747802734375,-0.4833984375,8585,71,472,-1,5,40
74931179,-0.537109375,-0.49456787109375,0.479736328125,-0.4866943359375,8522,-7,462,0,5,41
74941153,-0.5347900390625,-0.49163818359375,0.48193359375,-0.489990234375,8471,-76,444,0,6,41
74951135,-0.53253173828125,-0.4886474609375,0.48406982421875,-0.4932861328125,8434,-148,434,0,7,41
74961120,-0.5303955078125,-0.48565673828125,0.48614501953125,-0.49658203125,8410,-194,418,0,8,40
74971100,-0.5284423828125,-0.48272705078125,0.488037109375,-0.4996337890625,8427,-203,388,-1,8,38
74981085,-0.52667236328125,-0.4798583984375,0.48980712890625,-0.50250244140625,8441,-225,362,-2,9,35
74991067,-0.52520751953125,-0.47711181640625,0.491455078125,-0.5050048828125,8458,-249,342,-4,9,31
75001050,-0.5240478515625,-0.47442626953125,0.4930419921875,-0.5072021484375,8443,-283,324,-6,9,29
75011030,-0.523193359375,-0.47174072265625,0.49456787109375,-0.5091552734375,8439,-310,321,-7,9,27
75021019,-0.52239990234375,-0.468994140625,0.4962158203125,-0.5108642578125,8447,-366,340,-10,8,26
75030994,-0.52166748046875,-0.466064453125,0.49798583984375,-0.5125732421875,8486,-434,371,-11,8,27
75040978,-0.52081298828125,-0.462890625,0.5001220703125,-0.51422119140625,8542,-518,385,-13,7,31
75050959,-0.5196533203125,-0.4593505859375,0.502685546875,-0.51605224609375,8605,-589,381,-15,7,36
75060942,-0.51812744140625,-0.455322265625,0.5057373046875,-0.51812744140625,8642,-643,366,-17,6,44
75070925,-0.51611328125,-0.45074462890625,0.5093994140625,-0.52056884765625,8651,-709,358,-18,5,52
75080912,-0.51361083984375,-0.445556640625,0.513671875,-0.52337646484375,8648,-810,336,-20,5,60
75090890,-0.51068115234375,-0.4398193359375,0.51837158203125,-0.52642822265625,8647,-925,319,-21,4,66
75100873,-0.50750732421875,-0.43377685546875,0.52337646484375,-0.529541015625,8627,-1083,308,-23,4,69
75110854,-0.50433349609375,-0.427490234375,0.5284423828125,-0.5325927734375,8612,-1262,323,-24,4,69
75120837,-0.501220703125,-0.421142578125,0.5335693359375,-0.5355224609375,8614,-1450,337,-26,4,68
75130822,-0.49810791015625,-0.4146728515625,0.53875732421875,-0.53826904296875,8644,-1659,345,-27,4,68
75140803,-0.4949951171875,-0.40814208984375,0.54388427734375,-0.54095458984375,8702,-1871,349,-27,3,67
75150794,-0.49176025390625,-0.4014892578125,0.54913330078125,-0.54364013671875,8804,-2079,359,-28,4,69
75160775,-0.48834228515625,-0.39447021484375,0.554443359375,-0.54644775390625,8908,-2284,356,-28,5,73
75170752,-0.48468017578125,-0.3870849609375,0.559814453125,-0.54937744140625,8994,-2504,376,-28,5,77
75180734,-0.4808349609375,-0.37939453125,0.56524658203125,-0.55267333984375,9053,-2761,387,-28,6,80
75190715,-0.4766845703125,-0.37139892578125,0.5706787109375,-0.55609130859375,9081,-3042,407,-27,7,83
75200698,-0.47222900390625,-0.363037109375,0.57598876953125,-0.5599365234375,9080,-3330,431,-25,9,87
75210681,-0.4674072265625,-0.354248046875,0.581298828125,-0.5640869140625,9073,-3636,466,-24,9,91
75220670,-0.46209716796875,-0.34521484375,0.5865478515625,-0.568603515625,9068,-3933,526,-21,10,96
75230645,-0.45635986328125,-0.3359375,0.59161376953125,-0.57354736328125,9066,-4226,585,-18,10,99
75240629,-0.4501953125,-0.32647705078125,0.59649658203125,-0.57879638671875,9059,-4499,652,-15,10,104
75250610,-0.4434814453125,-0.31689453125,0.60113525390625,-0.58441162109375,9016,-4766,714,-12,10,107
75260592,-0.43634033203125,-0.30706787109375,0.6055908203125,-0.59039306640625,8971,-5022,764,-9,10,112
75270577,-0.42877197265625,-0.297119140625,0.60980224609375,-0.5966796875,8929,-5268,807,-5,11,116
75280555,-0.42071533203125,-0.2869873046875,0.61370849609375,-0.6033935546875,8872,-5519,845,-1,11,119
75290542,-0.412109375,-0.27667236328125,0.6173095703125,-0.61041259765625,8788,-5735,885,3,11,124
75300523,-0.403076171875,-0.26611328125,0.62060546875,-0.61773681640625,8676,-5957,920,6,11,129
75310505,-0.39337158203125,-0.25537109375,0.62353515625,-0.62548828125,8565,-6151,952,10,11,134
75320487,-0.38311767578125,-0.244384765625,0.626220703125,-0.633544921875,8451,-6357,976,14,11,138
75330465,-0.37237548828125,-0.23333740234375,0.62847900390625,-0.641845703125,8327,-6544,1024,18,11,142
75340457,-0.36114501953125,-0.2222900390625,0.63037109375,-0.6502685546875,8189,-6732,1058,22,10,144
75350439,-0.34954833984375,-0.21124267578125,0.6318359375,-0.65875244140625,8039,-6902,1088,25,9,146
75360424,-0.33758544921875,-0.20037841796875,0.6329345703125,-0.6673583984375,7879,-7025,1121,28,8,147
75370399,-0.3253173828125,-0.1895751953125,0.63360595703125,-0.6759033203125,7745,-7134,1113,32,7,149
75380384,-0.312744140625,-0.178955078125,0.6339111328125,-0.68438720703125,7627,-7235,1115,34,6,150
75390364,-0.300048828125,-0.16851806640625,0.63385009765625,-0.6927490234375,7497,-7314,1113,36,5,150
75400346,-0.28717041015625,-0.15814208984375,0.63348388671875,-0.700927734375,7396,-7401,1122,38,5,150
75410327,-0.27423095703125,-0.14801025390625,0.6328125,-0.7088623046875,7302,-7477,1150,38,4,150
75420312,-0.26141357421875,-0.13800048828125,0.63189697265625,-0.71649169921875,7248,-7551,1162,38,4,148
75430293,-0.248779296875,-0.12823486328125,0.63079833984375,-0.7237548828125,7208,-7610,1179,38,4,146
75440273,-0.2362060546875,-0.11859130859375,0.629638671875,-0.7305908203125,7188,-7649,1196,36,4,146
75450264,-0.2236328125,-0.108642578125,0.62835693359375,-0.73712158203125,7140,-7627,1217,34,6,149
75460245,-0.21051025390625,-0.09808349609375,0.627197265625,-0.743408203125,6984,-7580,1251,31,7,157
75470226,-0.19647216796875,-0.08648681640625,0.626220703125,-0.74957275390625,6719,-7521,1313,29,8,167
75480217,-0.18145751953125,-0.07379150390625,0.625244140625,-0.7554931640625,6377,-7491,1404,26,8,179
75490200,-0.16534423828125,-0.06011962890625,0.62432861328125,-0.7611083984375,5959,-7439,1496,22,8,189
75500176,-0.14837646484375,-0.04559326171875,0.62347412109375,-0.76629638671875,5477,-7344,1599,19,9,197
75510151,-0.130615234375,-0.03045654296875,0.62255859375,-0.77099609375,4969,-7216,1688,15,8,203
75520140,-0.1124267578125,-0.014892578125,0.62164306640625,-0.7750244140625,4457,-7077,1754,11,8,206
75530123,-0.09423828125,0.00067138671875,0.62078857421875,-0.7783203125,3952,-6976,1849,7,8,204
75540104,-0.07647705078125,0.01593017578125,0.61993408203125,-0.78076171875,3482,-6920,1931,2,8,197
75550085,-0.05975341796875,0.03033447265625,0.61920166015625,-0.78240966796875,3079,-6897,2010,-2,9,185
75560064,-0.04425048828125,0.0438232421875,0.61865234375,-0.783203125,2684,-6858,2069,-7,9,172
75570047,-0.0296630859375,0.05657958984375,0.618408203125,-0.78326416015625,2297,-6779,2093,-12,9,162
75580029,-0.0155029296875,0.069091796875,0.61834716796875,-0.78271484375,1903,-6609,2079,-16,10,159
75590016,-0.00103759765625,0.0819091796875,0.61846923828125,-0.78155517578125,1490,-6392,2062,-21,10,164
75599993,0.01409912109375,0.09527587890625,0.61865234375,-0.77972412109375,1071,-6191,2023,-25,11,169
75609976,0.0296630859375,0.109130859375,0.61895751953125,-0.7772216796875,615,-6019,1982,-29,12,172
75619956,0.04522705078125,0.1229248046875,0.61932373046875,-0.77410888671875,169,-5901,1951,-33,12,169
75629940,0.06005859375,0.13604736328125,0.619873046875,-0.77044677734375,-233,-5839,1919,-35,12,160
75639923,0.0738525390625,0.148193359375,0.62066650390625,-0.76641845703125,-567,-5842,1875,-38,12,148
75649904,0.08642578125,0.15924072265625,0.6217041015625,-0.76202392578125,-814,-5924,1830,-41,12,135
75659886,0.09771728515625,0.16912841796875,0.62310791015625,-0.75738525390625,-967,-6061,1750,-42,12,123
75669870,0.10784912109375,0.17803955078125,0.62481689453125,-0.75250244140625,-1056,-6239,1660,-44,13,112
75679852,0.116943359375,0.186279296875,0.62677001953125,-0.74749755859375,-1135,-6401,1543,-45,14,104
75689835,0.12530517578125,0.194091796875,0.62890625,-0.74237060546875,-1208,-6516,1426,-46,16,99
75699824,0.13336181640625,0.20184326171875,0.63104248046875,-0.737060546875,-1297,-6634,1309,-46,18,98
75709801,0.141357421875,0.20989990234375,0.63311767578125,-0.73150634765625,-1426,-6727,1171,-46,19,100
75719791,0.149658203125,0.21844482421875,0.6348876953125,-0.72576904296875,-1619,-6851,1060,-45,20,106
75729775,0.15838623046875,0.2274169921875,0.63641357421875,-0.7198486328125,-1798,-6958,953,-44,21,112
75739753,0.16741943359375,0.23681640625,0.63751220703125,-0.7137451171875,-2016,-7057,849,-43,22,116
75749736,0.1766357421875,0.24658203125,0.63836669921875,-0.70745849609375,-2234,-7096,725,-42,22,120
75759718,0.18609619140625,0.25665283203125,0.6387939453125,-0.70098876953125,-2496,-7083,638,-41,23,123
75769701,0.19580078125,0.26702880859375,0.63885498046875,-0.69439697265625,-2807,-7026,553,-39,22,127
75779683,0.2060546875,0.27777099609375,0.63836669921875,-0.6876220703125,-3165,-6932,493,-38,21,132
75789670,0.21685791015625,0.28875732421875,0.6373291015625,-0.68072509765625,-3501,-6828,415,-36,19,138
75799648,0.2281494140625,0.29998779296875,0.6356201171875,-0.6737060546875,-3859,-6696,367,-34,17,143
75809631,0.24005126953125,0.31146240234375,0.63323974609375,-0.6666259765625,-4247,-6484,332,-32,14,148
75819612,0.25262451171875,0.3232421875,0.62994384765625,-0.659423828125,-4635,-6190,334,-29,10,156
75829593,0.26605224609375,0.33538818359375,0.6256103515625,-0.65216064453125,-4983,-5855,323,-25,6,163
75839578,0.27996826171875,0.3475341796875,0.62042236328125,-0.64483642578125,-5264,-5467,330,-22,2,167
75849556,0.294189453125,0.3594970703125,0.61444091796875,-0.63763427734375,-5508,-5092,338,-19,-2,169
75859534,0.30828857421875,0.37103271484375,0.6080322265625,-0.63055419921875,-5655,-4752,302,-17,-6,165
75869518,0.32171630859375,0.38153076171875,0.6014404296875,-0.62384033203125,-5777,-4460,274,-14,-9,155
75879500,0.333984375,0.390625,0.5950927734375,-0.6177978515625,-5847,-4201,225,-12,-12,140
75889483,0.34490966796875,0.39837646484375,0.58917236328125,-0.612548828125,-5899,-3991,167,-10,-14,122
75899471,0.35443115234375,0.40460205078125,0.58380126953125,-0.608154296875,-5932,-3802,117,-8,-16,104
75909454,0.36260986328125,0.40948486328125,0.57891845703125,-0.60467529296875,-5930,-3629,125,-5,-18,88
75919435,0.3697509765625,0.41326904296875,0.574462890625,-0.60205078125,-5918,-3461,150,-3,-20,76
75929411,0.3763427734375,0.41656494140625,0.57000732421875,-0.59991455078125,-5867,-3299,151,-1,-21,70
75939396,0.38275146484375,0.4197998046875,0.5654296875,-0.59796142578125,-5828,-3133,176,1,-22,70
75949376,0.38922119140625,0.423095703125,0.56048583984375,-0.5960693359375,-5755,-2979,200,4,-23,73
75959360,0.39581298828125,0.42669677734375,0.55517578125,-0.5941162109375,-5670,-2851,207,5,-23,76
75969341,0.40234375,0.4305419921875,0.5496826171875,-0.59210205078125,-5562,-2736,192,7,-22,78
75979327,0.4088134765625,0.4345703125,0.54400634765625,-0.58990478515625,-5487,-2608,191,8,-20,79
75989305,0.41497802734375,0.4388427734375,0.53839111328125,-0.58758544921875,-5422,-2460,191,9,-18,79
75999290,0.4210205078125,0.4432373046875,0.53277587890625,-0.58514404296875,-5413,-2335,202,9,-15,79
76009276,0.42681884765625,0.44793701171875,0.527099609375,-0.58245849609375,-5426,-2213,238,10,-12,80
76019258,0.4324951171875,0.45294189453125,0.5213623046875,-0.57958984375,-5493,-2076,304,12,-10,82
76029242,0.43817138671875,0.4583740234375,0.515380859375,-0.57635498046875,-5586,-1886,367,13,-7,86
76039221,0.44390869140625,0.46435546875,0.509033203125,-0.57281494140625,-5703,-1674,441,14,-4,90
76049211,0.44970703125,0.47076416015625,0.50244140625,-0.56884765625,-5807,-1431,517,16,-1,94
76062030,0.45550537109375,0.4776611328125,0.49560546875,-0.56451416015625,-5906,-1162,579,16,1,97
76069172,0.46124267578125,0.48486328125,0.48858642578125,-0.559814453125,-6013,-854,602,17,4,99
76079148,0.46685791015625,0.49237060546875,0.48138427734375,-0.5548095703125,-6101,-564,609,19,6,101
76089130,0.4722900390625,0.5,0.47412109375,-0.54962158203125,-6218,-252,612,19,8,100
76099113,0.4774169921875,0.5076904296875,0.4669189453125,-0.54425048828125,-6358,65,626,20,10,98
76109097,0.4820556640625,0.51531982421875,0.45989990234375,-0.53900146484375,-6482,404,633,21,12,93
76119085,0.4862060546875,0.52264404296875,0.453125,-0.533935546875,-6622,759,644,22,13,87
76129061,0.48968505859375,0.52960205078125,0.44677734375,-0.5291748046875,-6773,1117,653,23,14,78
76139043,0.49249267578125,0.53607177734375,0.44097900390625,-0.52490234375,-6916,1459,671,23,14,68
76149029,0.49456787109375,0.5419921875,0.435791015625,-0.521240234375,-7060,1797,670,23,14,57
76159015,0.49591064453125,0.5472412109375,0.43133544921875,-0.5181884765625,-7206,2130,644,23,14,43
76168989,0.49627685546875,0.55169677734375,0.42779541015625,-0.51605224609375,-7341,2423,612,24,14,29
76178974,0.49578857421875,0.555419921875,0.42510986328125,-0.51470947265625,-7435,2706,565,23,13,15
76188950,0.49444580078125,0.55841064453125,0.42340087890625,-0.51416015625,-7483,2952,506,23,13,0
76198932,0.49237060546875,0.56060791015625,0.42254638671875,-0.51446533203125,-7521,3143,460,22,12,-12
76208913,0.4898681640625,0.562255859375,0.42230224609375,-0.51531982421875,-7537,3276,401,22,11,-21
76218895,0.4869384765625,0.5633544921875,0.42254638671875,-0.5166015625,-7526,3352,345,20,9,-27
76228877,0.4837646484375,0.56402587890625,0.4232177734375,-0.518310546875,-7522,3390,297,20,8,-33
76238861,0.48046875,0.5643310546875,0.4241943359375,-0.52032470703125,-7516,3405,235,19,7,-37
76248843,0.4769287109375,0.56427001953125,0.42547607421875,-0.52252197265625,-7479,3406,159,18,6,-42
76258823,0.4732666015625,0.56396484375,0.42706298828125,-0.52496337890625,-7438,3380,77,16,5,-45
76268802,0.46966552734375,0.5633544921875,0.42877197265625,-0.52734375,-7407,3310,-21,14,3,-45
76278794,0.46636962890625,0.5626220703125,0.43048095703125,-0.52978515625,-7392,3213,-115,13,2,-44
76288777,0.46319580078125,0.56158447265625,0.4322509765625,-0.5321044921875,-7380,3057,-246,11,0,-44
76298753,0.4599609375,0.560302734375,0.434326171875,-0.53460693359375,-7333,2866,-379,9,-1,-47
76308735,0.45654296875,0.55859375,0.43682861328125,-0.53729248046875,-7249,2686,-517,7,-2,-53
76318719,0.45269775390625,0.556396484375,0.43994140625,-0.540283203125,-7158,2508,-642,6,-2,-59
76328702,0.448486328125,0.55377197265625,0.4434814453125,-0.5435791015625,-7062,2338,-733,5,-2,-65
76338686,0.44403076171875,0.5509033203125,0.44744873046875,-0.54693603515625,-7016,2163,-809,3,-2,-68
76348670,0.439453125,0.54779052734375,0.45159912109375,-0.55029296875,-6988,1998,-890,3,-2,-70
76358650,0.434814453125,0.54449462890625,0.4559326171875,-0.55364990234375,-6954,1812,-929,1,-2,-72
76368630,0.42999267578125,0.54095458984375,0.46044921875,-0.55712890625,-6904,1607,-961,1,-2,-75
76378613,0.4249267578125,0.53704833984375,0.46533203125,-0.560791015625,-6875,1404,-981,0,-2,-79
76388596,0.41961669921875,0.53277587890625,0.47039794921875,-0.56451416015625,-6844,1208,-1007,-1,-3,-82
76398577,0.41412353515625,0.5283203125,0.4757080078125,-0.56842041015625,-6822,1035,-1011,-1,-3,-85
76408558,0.40850830078125,0.523681640625,0.48095703125,-0.572265625,-6809,875,-982,-1,-3,-86
76418540,0.4029541015625,0.518798828125,0.4862060546875,-0.57623291015625,-6806,681,-910,-1,-4,-86
76428522,0.39727783203125,0.51373291015625,0.491455078125,-0.5802001953125,-6723,488,-837,-1,-4,-88
76438506,0.39129638671875,0.50823974609375,0.49688720703125,-0.58447265625,-6630,275,-748,-1,-4,-93
76448487,0.38470458984375,0.5023193359375,0.50274658203125,-0.5889892578125,-6498,61,-690,-1,-4,-100
76458466,0.3775634765625,0.495849609375,0.5089111328125,-0.59375,-6372,-139,-612,-2,-4,-107
76468459,0.36981201171875,0.48883056640625,0.5155029296875,-0.59869384765625,-6262,-354,-567,-1,-3,-114
76478441,0.361572265625,0.48138427734375,0.5224609375,-0.603759765625,-6131,-566,-520,-2,-2,-119
76488423,0.35296630859375,0.4736328125,0.529541015625,-0.60882568359375,-6048,-769,-440,-3,-2,-122
76498400,0.34423828125,0.4656982421875,0.53656005859375,-0.61370849609375,-5946,-960,-387,-3,-2,-122
76508384,0.33551025390625,0.45770263671875,0.54345703125,-0.6185302734375,-5810,-1159,-343,-3,-2,-121
76518365,0.32672119140625,0.44964599609375,0.55029296875,-0.62310791015625,-5703,-1352,-284,-3,-1,-120
76528346,0.3179931640625,0.4415283203125,0.556884765625,-0.62750244140625,-5596,-1542,-247,-4,-1,-119
76538328,0.30914306640625,0.43341064453125,0.5634765625,-0.6317138671875,-5460,-1749,-202,-4,-1,-120
76548311,0.300048828125,0.42486572265625,0.570068359375,-0.635986328125,-5368,-1979,-141,-4,-1,-123
76558294,0.29058837890625,0.41583251953125,0.57672119140625,-0.64031982421875,-5289,-2250,-97,-4,-2,-127
76568274,0.28070068359375,0.40631103515625,0.58343505859375,-0.64471435546875,-5200,-2557,-65,-4,-3,-131
76578263,0.27032470703125,0.3961181640625,0.5902099609375,-0.6492919921875,-5114,-2846,-10,-3,-4,-137
76588247,0.25970458984375,0.38543701171875,0.5968017578125,-0.65399169921875,-5013,-3107,10,-2,-6,-140
76598226,0.2490234375,0.3746337890625,0.6031494140625,-0.65863037109375,-4886,-3362,9,-1,-8,-139
76608222,0.2381591796875,0.36346435546875,0.6092529296875,-0.66326904296875,-4699,-3627,20,0,-9,-141
76618202,0.226806640625,0.3516845703125,0.6153564453125,-0.66796875,-4492,-3932,49,0,-10,-147
76628178,0.21484375,0.33917236328125,0.62158203125,-0.672607421875,-4292,-4239,65,0,-11,-154
76638153,0.20245361328125,0.32598876953125,0.62762451171875,-0.67730712890625,-4125,-4576,117,1,-12,-156
76648138,0.1903076171875,0.312744140625,0.633056640625,-0.68206787109375,-3991,-4935,202,4,-15,-152
76658120,0.1787109375,0.29986572265625,0.63751220703125,-0.68682861328125,-3825,-5312,260,9,-17,-144
76668102,0.16748046875,0.2872314453125,0.64111328125,-0.691650390625,-3581,-5702,283,14,-19,-138
76678087,0.15594482421875,0.27435302734375,0.64434814453125,-0.69659423828125,-3277,-6073,319,17,-19,-142
76688069,0.1434326171875,0.2606201171875,0.6474609375,-0.70159912109375,-2980,-6332,374,18,-20,-153
76698051,0.1300048828125,0.245849609375,0.650634765625,-0.7066650390625,-2700,-6504,438,19,-21,-163
76708035,0.1162109375,0.2303466796875,0.653564453125,-0.7115478515625,-2434,-6718,498,19,-23,-167
76718022,0.1026611328125,0.21484375,0.656005859375,-0.7161865234375,-2160,-7015,541,20,-24,-162
76727999,0.08978271484375,0.1998291015625,0.65771484375,-0.720703125,-1870,-7380,585,24,-25,-152
76737982,0.07757568359375,0.1854248046875,0.6585693359375,-0.72515869140625,-1523,-7814,601,29,-26,-142
76747965,0.06536865234375,0.1712646484375,0.65875244140625,-0.72967529296875,-1124,-8204,614,33,-25,-141
76757947,0.05267333984375,0.15673828125,0.65850830078125,-0.73419189453125,-762,-8467,665,36,-24,-147
76767930,0.03936767578125,0.141845703125,0.65802001953125,-0.73846435546875,-464,-8550,714,37,-23,-153
76777912,0.02569580078125,0.12664794921875,0.6573486328125,-0.742431640625,-220,-8507,804,35,-22,-156
76787893,0.01251220703125,0.1116943359375,0.656494140625,-0.74591064453125,-23,-8420,890,33,-24,-151
76797875,0.000244140625,0.09735107421875,0.6553955078125,-0.74896240234375,200,-8468,942,32,-24,-141
76807858,-0.01092529296875,0.083740234375,0.6539306640625,-0.7518310546875,473,-8672,1029,33,-26,-130
76817841,-0.0213623046875,0.0706787109375,0.65203857421875,-0.75457763671875,818,-8975,1102,35,-25,-123
76827827,-0.03216552734375,0.0574951171875,0.64984130859375,-0.7572021484375,1226,-9244,1172,36,-24,-127
76837805,-0.04388427734375,0.04364013671875,0.64752197265625,-0.759521484375,1609,-9363,1210,36,-22,-137
76847797,-0.056396484375,0.02935791015625,0.6451416015625,-0.76141357421875,1853,-9223,1261,34,-21,-144
76857782,-0.06866455078125,0.015380859375,0.642822265625,-0.7628173828125,1938,-8891,1332,30,-21,-140
76867757,-0.0794677734375,0.0025634765625,0.6405029296875,-0.7637939453125,1975,-8528,1434,26,-22,-125
76877738,-0.088134765625,-0.0087890625,0.63836669921875,-0.76458740234375,2051,-8266,1498,23,-24,-103
76887721,-0.09466552734375,-0.01849365234375,0.63641357421875,-0.76531982421875,2135,-8155,1563,21,-25,-82
76897703,-0.099609375,-0.0269775390625,0.63433837890625,-0.76611328125,2243,-8232,1640,22,-26,-68
76907686,-0.10430908203125,-0.0352783203125,0.6322021484375,-0.7669677734375,2476,-8427,1718,23,-25,-70
76917670,-0.11053466796875,-0.0447998046875,0.62982177734375,-0.76751708984375,2794,-8647,1800,23,-24,-89
76927651,-0.1195068359375,-0.0562744140625,0.62738037109375,-0.7674560546875,3132,-8768,1874,21,-23,-118
76937633,-0.13116455078125,-0.06982421875,0.62481689453125,-0.76654052734375,3413,-8730,1926,17,-22,-145
76947616,-0.14447021484375,-0.08441162109375,0.6221923828125,-0.7647705078125,3583,-8555,1978,13,-22,-159
76957598,-0.15765380859375,-0.0989990234375,0.61968994140625,-0.762451171875,3680,-8302,2035,9,-23,-155
76967580,-0.16925048828125,-0.11236572265625,0.61761474609375,-0.75982666015625,3724,-8044,2089,5,-25,-138
76977562,-0.17840576171875,-0.123779296875,0.6158447265625,-0.75738525390625,3754,-7832,2152,3,-26,-111
76987544,-0.18475341796875,-0.133056640625,0.61444091796875,-0.75537109375,3814,-7707,2218,3,-27,-82
76997528,-0.18878173828125,-0.140380859375,0.61334228515625,-0.75396728515625,3983,-7758,2288,4,-26,-59
77007510,-0.19189453125,-0.14678955078125,0.6123046875,-0.7528076171875,4259,-7910,2335,5,-25,-52
77017492,-0.195556640625,-0.1534423828125,0.61114501953125,-0.75146484375,4570,-8135,2390,4,-22,-61
77027472,-0.2010498046875,-0.1610107421875,0.6097412109375,-0.74957275390625,4838,-8301,2431,2,-20,-80
77037460,-0.20849609375,-0.169921875,0.60797119140625,-0.7470703125,4964,-8360,2467,1,-19,-101
77047443,-0.21728515625,-0.1796875,0.60589599609375,-0.743896484375,5027,-8341,2488,-1,-19,-114
77057424,-0.22650146484375,-0.18988037109375,0.603759765625,-0.7403564453125,5092,-8272,2509,-2,-20,-117
77067400,-0.2352294921875,-0.1998291015625,0.6015625,-0.73681640625,5195,-8169,2489,-2,-20,-112
77077385,-0.24298095703125,-0.208984375,0.5994873046875,-0.7333984375,5337,-8082,2468,0,-20,-100
77087367,-0.24957275390625,-0.2171630859375,0.597412109375,-0.73052978515625,5515,-8073,2431,2,-19,-88
77097349,-0.25537109375,-0.2244873046875,0.59527587890625,-0.72802734375,5787,-8098,2380,4,-16,-79
77107330,-0.26092529296875,-0.23138427734375,0.59307861328125,-0.7257080078125,6089,-8146,2311,6,-14,-77
77117317,-0.266845703125,-0.23822021484375,0.590576171875,-0.723388671875,6347,-8206,2225,7,-11,-81
77127298,-0.2733154296875,-0.24517822265625,0.5877685546875,-0.720947265625,6557,-8239,2143,8,-8,-86
77137278,-0.28021240234375,-0.25213623046875,0.584716796875,-0.7183837890625,6724,-8253,2103,8,-6,-90
77147269,-0.2872314453125,-0.2589111328125,0.5814208984375,-0.71588134765625,6871,-8220,2041,9,-4,-90
77157251,-0.29400634765625,-0.265380859375,0.57806396484375,-0.71343994140625,6988,-8175,1994,10,-2,-86
77167240,-0.3004150390625,-0.27117919921875,0.57464599609375,-0.71136474609375,7067,-8117,1955,11,0,-80
77177221,-0.30615234375,-0.2762451171875,0.5712890625,-0.70965576171875,7100,-8060,1937,13,2,-72
77187208,-0.3111572265625,-0.28045654296875,0.56805419921875,-0.70843505859375,7128,-7956,1959,14,4,-63
77197180,-0.31585693359375,-0.2840576171875,0.56475830078125,-0.70751953125,7118,-7873,1928,14,7,-58
77207156,-0.32000732421875,-0.28692626953125,0.561767578125,-0.7069091796875,7055,-7772,1910,14,9,-50
77217138,-0.32354736328125,-0.2890625,0.5589599609375,-0.7066650390625,6936,-7630,1891,13,11,-42
77227120,-0.32647705078125,-0.29046630859375,0.5565185546875,-0.70672607421875,6790,-7455,1893,12,11,-33
77237103,-0.3287353515625,-0.29119873046875,0.5543212890625,-0.70709228515625,6589,-7267,1898,12,12,-26
77247085,-0.3304443359375,-0.2913818359375,0.55242919921875,-0.7076416015625,6408,-7078,1918,10,11,-20
77257068,-0.331787109375,-0.29132080078125,0.55084228515625,-0.708251953125,6223,-6901,1928,9,10,-16
77267050,-0.33294677734375,-0.29119873046875,0.54949951171875,-0.7088623046875,6079,-6726,1933,8,10,-14
77277032,-0.33404541015625,-0.291015625,0.54833984375,-0.70928955078125,5927,-6568,1930,6,8,-14
77287022,-0.335205078125,-0.2908935546875,0.54736328125,-0.70953369140625,5797,-6395,1913,4,8,-15
77296996,-0.33648681640625,-0.290771484375,0.546630859375,-0.7095947265625,5680,-6233,1899,1,7,-15
77306978,-0.33770751953125,-0.2906494140625,0.5460205078125,-0.70947265625,5576,-6062,1895,-1,6,-14
77316957,-0.33892822265625,-0.29046630859375,0.545654296875,-0.709228515625,5513,-5896,1905,-2,6,-13
77326940,-0.34014892578125,-0.2901611328125,0.5455322265625,-0.70892333984375,5488,-5750,1915,-5,5,-12
77336922,-0.34136962890625,-0.28985595703125,0.54559326171875,-0.7083740234375,5484,-5626,1912,-7,4,-11
77346906,-0.342529296875,-0.28955078125,0.5458984375,-0.707763671875,5503,-5531,1924,-9,3,-11
77356886,-0.34368896484375,-0.28924560546875,0.5462646484375,-0.70697021484375,5546,-5446,1905,-10,3,-11
77366869,-0.34490966796875,-0.28900146484375,0.54681396484375,-0.7060546875,5615,-5390,1895,-11,2,-10
77376851,-0.3460693359375,-0.2886962890625,0.5474853515625,-0.705078125,5686,-5334,1882,-12,2,-10
77386834,-0.34716796875,-0.28839111328125,0.54827880859375,-0.7041015625,5745,-5281,1863,-12,1,-9
77396818,-0.34808349609375,-0.2880859375,0.549072265625,-0.703125,5800,-5217,1840,-12,0,-7
77406804,-0.3487548828125,-0.28765869140625,0.550048828125,-0.70220947265625,5827,-5181,1815,-12,0,-5
77416789,-0.34930419921875,-0.2872314453125,0.55108642578125,-0.7012939453125,5841,-5138,1800,-12,-1,-4
77426768,-0.3497314453125,-0.286865234375,0.55206298828125,-0.700439453125,5868,-5116,1792,-12,-2,-3
77436745,-0.35015869140625,-0.28662109375,0.55303955078125,-0.6995849609375,5932,-5087,1760,-11,-2,-4
77446726,-0.3505859375,-0.28656005859375,0.55389404296875,-0.69873046875,6008,-5063,1731,-10,-3,-5
77456709,-0.35113525390625,-0.28668212890625,0.55462646484375,-0.69781494140625,6083,-5036,1691,-9,-2,-7
77466691,-0.35174560546875,-0.28692626953125,0.55517578125,-0.69696044921875,6145,-4995,1654,-7,-2,-8
77476673,-0.35247802734375,-0.287353515625,0.5555419921875,-0.69610595703125,6178,-4956,1610,-6,-2,-10
77486656,-0.3533935546875,-0.2879638671875,0.5557861328125,-0.69525146484375,6145,-4910,1572,-5,-2,-12
77496638,-0.35443115234375,-0.2889404296875,0.5557861328125,-0.69427490234375,6063,-4839,1551,-4,-3,-16
77506620,-0.355712890625,-0.29022216796875,0.55560302734375,-0.6932373046875,6065,-4807,1536,-3,-4,-20
77516602,-0.3572998046875,-0.29205322265625,0.55523681640625,-0.69195556640625,6137,-4784,1511,-2,-5,-25
77526589,-0.359130859375,-0.2943115234375,0.55462646484375,-0.6905517578125,6265,-4745,1478,0,-6,-28
77536570,-0.36102294921875,-0.29669189453125,0.55389404296875,-0.68914794921875,6394,-4709,1443,1,-6,-28
77546553,-0.36273193359375,-0.299072265625,0.5531005859375,-0.68780517578125,6505,-4652,1408,2,-6,-26
77556533,-0.3641357421875,-0.30126953125,0.55230712890625,-0.686767578125,6582,-4595,1361,4,-5,-23
77566516,-0.36529541015625,-0.30328369140625,0.551513671875,-0.6859130859375,6579,-4513,1342,4,-5,-19
77576499,-0.36627197265625,-0.30517578125,0.5506591796875,-0.68524169921875,6538,-4448,1322,6,-5,-19
77586483,-0.36724853515625,-0.30718994140625,0.5496826171875,-0.6845703125,6479,-4378,1315,7,-5,-21
77596469,-0.368408203125,-0.3095703125,0.54852294921875,-0.683837890625,6443,-4311,1301,8,-6,-24
77606451,-0.3697509765625,-0.312255859375,0.5472412109375,-0.68292236328125,6398,-4280,1285,8,-7,-28
77616434,-0.37115478515625,-0.31524658203125,0.54583740234375,-0.681884765625,6368,-4232,1278,9,-9,-30
77626410,-0.37255859375,-0.3184814453125,0.5443115234375,-0.6807861328125,6403,-4187,1273,11,-10,-31
77636394,-0.373779296875,-0.32196044921875,0.5428466796875,-0.6796875,6480,-4142,1264,11,-12,-30
77646375,-0.37481689453125,-0.32537841796875,0.54132080078125,-0.6787109375,6575,-4096,1259,12,-12,-28
77656358,-0.3756103515625,-0.3287353515625,0.53985595703125,-0.6778564453125,6663,-4032,1242,13,-12,-26
77666340,-0.37615966796875,-0.33203125,0.53839111328125,-0.67706298828125,6742,-3985,1229,14,-13,-24
77676327,-0.37664794921875,-0.3353271484375,0.53692626953125,-0.67633056640625,6796,-3932,1238,14,-13,-23
77686305,-0.3770751953125,-0.33856201171875,0.535400390625,-0.6756591796875,6849,-3892,1260,15,-13,-24
77696290,-0.3775634765625,-0.3419189453125,0.5338134765625,-0.67498779296875,6913,-3832,1292,15,-13,-24
77706277,-0.37823486328125,-0.3453369140625,0.53216552734375,-0.6741943359375,6979,-3762,1334,14,-13,-26
77716258,-0.3790283203125,-0.34869384765625,0.5303955078125,-0.67340087890625,7027,-3656,1401,14,-12,-27
77726241,-0.3802490234375,-0.35205078125,0.5284423828125,-0.6724853515625,7016,-3511,1524,12,-11,-29
77736226,-0.38177490234375,-0.35546875,0.5264892578125,-0.67138671875,7014,-3350,1649,10,-11,-32
77746218,-0.38372802734375,-0.35888671875,0.52447509765625,-0.6700439453125,7055,-3197,1763,8,-10,-35
77756200,-0.3861083984375,-0.3623046875,0.52252197265625,-0.6683349609375,7130,-3062,1870,5,-9,-37
