subject,Still with noise
arm,neither
label,0
hz,100.16965537170017
time,5.370888

timestamp_us,q0,q1,q2,q3,ax,ay,az,gx,gy,gz
84915271,0.6180419921875,0.34765625,-0.6109619140625,-0.35205078125,4217,7116,117,0,-1,-1
84925262,0.61798095703125,0.34765625,-0.6109619140625,-0.35205078125,4228,7127,105,-1,0,-1
84935243,0.6180419921875,0.34765625,-0.61090087890625,-0.35205078125,4209,7088,107,0,-1,0
84945225,0.6180419921875,0.34765625,-0.6109619140625,-0.35205078125,4222,7095,107,-1,0,-1
84955211,0.6180419921875,0.34765625,-0.61090087890625,-0.35205078125,4210,7097,98,0,-1,0
84965198,0.6180419921875,0.34765625,-0.61090087890625,-0.35205078125,4218,7101,99,-1,0,-1
84975182,0.6180419921875,0.34765625,-0.61090087890625,-0.35205078125,4215,7095,94,0,0,-1
84985161,0.6180419921875,0.34765625,-0.61090087890625,-0.35205078125,4222,7114,102,-1,-1,0
84995144,0.61810302734375,0.34765625,-0.61090087890625,-0.35205078125,4216,7116,98,0,0,-1
85005122,0.6180419921875,0.34759521484375,-0.61090087890625,-0.35205078125,4228,7120,98,-1,-1,0
85015106,0.61810302734375,0.34765625,-0.61090087890625,-0.35205078125,4214,7121,100,-1,0,-1
85025090,0.6180419921875,0.34759521484375,-0.61090087890625,-0.35211181640625,4222,7114,106,-1,-1,0
85035073,0.6180419921875,0.34759521484375,-0.61090087890625,-0.35205078125,4217,7111,98,0,-1,0
85045050,0.6180419921875,0.34765625,-0.61090087890625,-0.35205078125,4205,7114,85,0,-1,-1
85055037,0.6180419921875,0.34771728515625,-0.61090087890625,-0.35211181640625,4202,7117,82,0,0,-1
85065019,0.6180419921875,0.34771728515625,-0.61090087890625,-0.35211181640625,4213,7118,96,0,-1,-1
85074993,0.61798095703125,0.34771728515625,-0.61090087890625,-0.35211181640625,4219,7134,91,0,-1,-1
85084985,0.61798095703125,0.34771728515625,-0.61090087890625,-0.35211181640625,4209,7124,90,-1,-1,0
85094966,0.61798095703125,0.34765625,-0.6109619140625,-0.35211181640625,4214,7121,94,-1,-1,0
85104956,0.61798095703125,0.34765625,-0.6109619140625,-0.35211181640625,4217,7122,102,0,0,-1
85114929,0.61798095703125,0.34771728515625,-0.61090087890625,-0.35211181640625,4222,7120,90,-1,0,-1
85124920,0.6180419921875,0.34771728515625,-0.61090087890625,-0.35211181640625,4231,7121,102,0,0,0
85134898,0.6180419921875,0.34771728515625,-0.61090087890625,-0.35205078125,4234,7125,104,0,0,0
85144882,0.6180419921875,0.34765625,-0.61090087890625,-0.35205078125,4230,7117,99,-1,0,0
85154873,0.61810302734375,0.34771728515625,-0.61090087890625,-0.35205078125,4231,7112,109,0,0,-1
85164852,0.61810302734375,0.34771728515625,-0.61083984375,-0.35205078125,4232,7105,102,-1,0,-1
85174836,0.61810302734375,0.34771728515625,-0.61083984375,-0.35205078125,4240,7116,95,0,-1,-1
85184830,0.61810302734375,0.34771728515625,-0.61083984375,-0.35205078125,4242,7122,106,0,0,0
85194800,0.61810302734375,0.34771728515625,-0.61083984375,-0.35198974609375,4241,7127,109,0,-1,0
85204784,0.61810302734375,0.34771728515625,-0.61083984375,-0.35205078125,4239,7130,109,-1,0,-1
85214765,0.61810302734375,0.34771728515625,-0.61083984375,-0.35205078125,4242,7121,97,-1,0,0
85224747,0.61810302734375,0.34771728515625,-0.61077880859375,-0.35205078125,4232,7123,96,-1,0,-1
85234737,0.61810302734375,0.3477783203125,-0.61083984375,-0.35205078125,4233,7122,90,0,-1,-1
85244718,0.61810302734375,0.34771728515625,-0.61083984375,-0.35198974609375,4243,7119,84,0,-1,-1
85254693,0.61810302734375,0.3477783203125,-0.61083984375,-0.35198974609375,4231,7120,76,0,0,-1
85264680,0.61810302734375,0.3477783203125,-0.61083984375,-0.35205078125,4220,7126,88,-1,-1,-1
85274667,0.61810302734375,0.34783935546875,-0.61077880859375,-0.35205078125,4221,7135,86,0,0,-1
85284656,0.61810302734375,0.34783935546875,-0.61077880859375,-0.35205078125,4216,7138,94,-1,-1,-1
85294630,0.6180419921875,0.34783935546875,-0.61077880859375,-0.35211181640625,4225,7127,90,0,-1,-1
85304616,0.6180419921875,0.3477783203125,-0.61083984375,-0.35211181640625,4215,7114,77,-1,-1,0
85314606,0.6180419921875,0.3477783203125,-0.61083984375,-0.35211181640625,4224,7122,84,0,-1,-1
85324583,0.61798095703125,0.3477783203125,-0.61083984375,-0.35211181640625,4233,7118,84,0,-1,-1
85334553,0.61798095703125,0.3477783203125,-0.61090087890625,-0.35205078125,4240,7117,72,0,-1,-1
85344549,0.61798095703125,0.34783935546875,-0.61090087890625,-0.35205078125,4240,7125,79,0,0,-1
85354520,0.61798095703125,0.34783935546875,-0.61083984375,-0.35205078125,4238,7120,93,0,0,-1
85364518,0.61798095703125,0.34783935546875,-0.61083984375,-0.35205078125,4234,7115,84,0,0,0
85374490,0.61798095703125,0.34783935546875,-0.61083984375,-0.35205078125,4233,7105,94,-1,-1,0
85384480,0.61798095703125,0.3477783203125,-0.61090087890625,-0.35205078125,4233,7112,106,-1,-1,0
85394464,0.61798095703125,0.3477783203125,-0.61090087890625,-0.35205078125,4238,7107,100,0,-1,0
85404446,0.61798095703125,0.3477783203125,-0.61090087890625,-0.35205078125,4238,7100,98,-1,0,-1
85414432,0.61798095703125,0.3477783203125,-0.61090087890625,-0.35205078125,4218,7106,94,-1,-1,0
85424415,0.61798095703125,0.3477783203125,-0.61090087890625,-0.35205078125,4222,7108,100,0,-1,-1
85434389,0.6180419921875,0.3477783203125,-0.61090087890625,-0.35205078125,4222,7110,109,-1,0,-1
85444379,0.6180419921875,0.3477783203125,-0.61083984375,-0.35205078125,4226,7112,94,0,0,-1
85454354,0.61798095703125,0.34783935546875,-0.61083984375,-0.35205078125,4220,7111,88,0,0,-1
85464335,0.6180419921875,0.34783935546875,-0.61083984375,-0.35205078125,4236,7121,92,-1,0,-1
85474324,0.61798095703125,0.34783935546875,-0.61083984375,-0.35205078125,4232,7121,78,-1,-1,-1
85484310,0.61798095703125,0.34783935546875,-0.61090087890625,-0.35205078125,4225,7124,76,-1,-1,-1
85494290,0.61798095703125,0.3477783203125,-0.61090087890625,-0.35205078125,4230,7130,77,-1,-1,0
85504272,0.61798095703125,0.34783935546875,-0.61083984375,-0.35211181640625,4224,7131,96,-1,0,-1
85514261,0.61798095703125,0.3477783203125,-0.61083984375,-0.35211181640625,4235,7134,98,0,-1,-1
85524237,0.61798095703125,0.34783935546875,-0.61083984375,-0.35211181640625,4225,7130,88,0,-1,-1
85534226,0.617919921875,0.34783935546875,-0.61090087890625,-0.35211181640625,4221,7136,97,0,-1,0
85544197,0.617919921875,0.3477783203125,-0.61090087890625,-0.35211181640625,4224,7121,95,-1,-1,0
85554196,0.617919921875,0.3477783203125,-0.61090087890625,-0.35211181640625,4221,7122,93,0,-1,-1
85564175,0.617919921875,0.3477783203125,-0.61090087890625,-0.35211181640625,4235,7134,88,-1,0,-1
85574167,0.617919921875,0.3477783203125,-0.61090087890625,-0.35211181640625,4225,7117,96,0,-1,0
85584138,0.617919921875,0.3477783203125,-0.61090087890625,-0.35211181640625,4225,7114,92,0,-1,-1
85594123,0.617919921875,0.34783935546875,-0.61090087890625,-0.35211181640625,4225,7117,92,0,0,-1
85604103,0.617919921875,0.34783935546875,-0.61090087890625,-0.35211181640625,4229,7123,96,0,0,-1
85614082,0.617919921875,0.34783935546875,-0.61090087890625,-0.35211181640625,4234,7122,98,0,-1,-1
85624062,0.617919921875,0.34783935546875,-0.61090087890625,-0.35211181640625,4233,7127,107,0,-1,-1
85634050,0.617919921875,0.347900390625,-0.61090087890625,-0.35211181640625,4226,7121,102,0,0,-1
85644029,0.617919921875,0.347900390625,-0.61083984375,-0.3521728515625,4228,7123,102,-1,0,-1
85654016,0.617919921875,0.347900390625,-0.61083984375,-0.3521728515625,4221,7117,98,0,-1,-1
85664004,0.617919921875,0.34796142578125,-0.61083984375,-0.3521728515625,4219,7112,87,0,0,0
85673987,0.617919921875,0.34796142578125,-0.61083984375,-0.3521728515625,4209,7121,95,0,0,0
85683969,0.617919921875,0.34796142578125,-0.61083984375,-0.3521728515625,4231,7126,93,-1,-1,-1
85693945,0.617919921875,0.34796142578125,-0.61077880859375,-0.3521728515625,4232,7125,79,-1,0,-1
85703933,0.617919921875,0.34796142578125,-0.61077880859375,-0.3521728515625,4227,7128,76,-1,-1,-1
85713918,0.61785888671875,0.3480224609375,-0.61077880859375,-0.3521728515625,4223,7124,80,0,0,-1
85723894,0.617919921875,0.34796142578125,-0.61077880859375,-0.3521728515625,4234,7122,91,-1,0,-1
85733880,0.617919921875,0.3480224609375,-0.61077880859375,-0.3521728515625,4232,7125,80,0,0,-1
85743873,0.617919921875,0.3480224609375,-0.61077880859375,-0.3521728515625,4229,7125,86,0,0,0
85753853,0.617919921875,0.3480224609375,-0.6107177734375,-0.3521728515625,4240,7122,93,-1,0,-1
85763839,0.617919921875,0.34808349609375,-0.6107177734375,-0.3521728515625,4229,7112,96,0,-1,-1
85773825,0.617919921875,0.34808349609375,-0.6107177734375,-0.3521728515625,4228,7114,103,0,-1,-1
85783803,0.617919921875,0.34808349609375,-0.6107177734375,-0.3521728515625,4212,7117,104,0,0,-1
85793779,0.617919921875,0.34808349609375,-0.6107177734375,-0.3521728515625,4217,7123,101,0,0,0
85803763,0.617919921875,0.34808349609375,-0.6107177734375,-0.3521728515625,4218,7116,103,-1,-1,0
85813747,0.617919921875,0.3480224609375,-0.6107177734375,-0.3521728515625,4220,7116,102,0,-1,-1
85823735,0.617919921875,0.34808349609375,-0.6107177734375,-0.3521728515625,4219,7125,86,0,-1,-1
85833706,0.617919921875,0.34808349609375,-0.6107177734375,-0.35223388671875,4214,7124,85,-1,-1,-1
85843691,0.617919921875,0.3480224609375,-0.61077880859375,-0.3521728515625,4222,7114,87,-1,-1,0
85853680,0.61785888671875,0.3480224609375,-0.61077880859375,-0.35223388671875,4225,7113,82,0,-1,-1
85863666,0.61785888671875,0.34808349609375,-0.61077880859375,-0.3521728515625,4214,7115,87,0,0,-1
85873648,0.61785888671875,0.34808349609375,-0.61077880859375,-0.35223388671875,4210,7111,90,-1,-1,-1
85883634,0.61785888671875,0.34808349609375,-0.61077880859375,-0.35223388671875,4216,7115,91,0,0,-1
85893619,0.617919921875,0.34808349609375,-0.6107177734375,-0.35223388671875,4211,7118,104,-1,0,-1
85903614,0.617919921875,0.34814453125,-0.6107177734375,-0.35223388671875,4208,7118,95,-1,-1,0
85913598,0.617919921875,0.34808349609375,-0.6107177734375,-0.35223388671875,4214,7111,97,-1,0,-1
85923577,0.617919921875,0.34808349609375,-0.6107177734375,-0.35223388671875,4214,7115,93,0,-1,0
85933546,0.617919921875,0.34808349609375,-0.6107177734375,-0.35223388671875,4215,7114,97,-1,0,-1
85943525,0.617919921875,0.34814453125,-0.6107177734375,-0.35223388671875,4215,7114,87,0,0,-1
85953508,0.61785888671875,0.34814453125,-0.6107177734375,-0.35223388671875,4225,7115,88,-1,-1,-1
85963501,0.61785888671875,0.34814453125,-0.6107177734375,-0.35223388671875,4223,7119,70,0,0,0
85973479,0.61785888671875,0.34814453125,-0.6107177734375,-0.3521728515625,4222,7131,80,0,0,0
85983458,0.61785888671875,0.34814453125,-0.6107177734375,-0.35223388671875,4211,7116,95,-1,-1,0
85993449,0.61785888671875,0.34814453125,-0.6107177734375,-0.35223388671875,4208,7128,86,0,0,-1
86003432,0.61785888671875,0.34814453125,-0.6107177734375,-0.3521728515625,4215,7130,84,0,0,0
86013416,0.61785888671875,0.34814453125,-0.6107177734375,-0.35223388671875,4220,7123,84,-1,-1,-1
86023404,0.61785888671875,0.34814453125,-0.6107177734375,-0.35223388671875,4220,7126,92,0,0,0
86033373,0.617919921875,0.34814453125,-0.61065673828125,-0.35223388671875,4218,7137,111,-1,0,0
86043357,0.617919921875,0.34814453125,-0.61065673828125,-0.35223388671875,4222,7133,101,-1,0,-1
86053340,0.617919921875,0.34814453125,-0.61065673828125,-0.35223388671875,4222,7132,100,-1,-1,0
86063334,0.617919921875,0.34814453125,-0.61065673828125,-0.3521728515625,4220,7126,102,0,0,0
86076419,0.617919921875,0.34814453125,-0.61065673828125,-0.3521728515625,4227,7114,97,-1,-1,-1
86083302,0.617919921875,0.34814453125,-0.61065673828125,-0.3521728515625,4227,7110,106,-1,0,0
86093274,0.61798095703125,0.34808349609375,-0.61065673828125,-0.35211181640625,4233,7111,102,-1,-1,0
86103249,0.61798095703125,0.34808349609375,-0.6107177734375,-0.35211181640625,4235,7117,106,-1,-1,0
86113234,0.61798095703125,0.34808349609375,-0.6107177734375,-0.3521728515625,4228,7118,112,-1,-1,-1
86123225,0.61798095703125,0.34808349609375,-0.6107177734375,-0.3521728515625,4224,7110,109,0,-1,0
86133214,0.61798095703125,0.3480224609375,-0.6107177734375,-0.3521728515625,4227,7111,109,-1,-1,0
86143192,0.61798095703125,0.3480224609375,-0.6107177734375,-0.3521728515625,4222,7120,100,-1,-1,0
86153176,0.61798095703125,0.3480224609375,-0.6107177734375,-0.3521728515625,4222,7115,98,-1,-1,0
86163159,0.61798095703125,0.34796142578125,-0.61077880859375,-0.35211181640625,4227,7115,93,0,-1,0
86173141,0.617919921875,0.34796142578125,-0.61077880859375,-0.3521728515625,4222,7116,97,0,-1,-1
86183127,0.61798095703125,0.34796142578125,-0.61077880859375,-0.35211181640625,4224,7121,96,0,-1,0
86193104,0.61798095703125,0.34796142578125,-0.61077880859375,-0.35211181640625,4234,7120,88,-1,0,-1
86203087,0.61798095703125,0.34796142578125,-0.61077880859375,-0.35211181640625,4231,7114,96,0,-1,-1
86213075,0.61798095703125,0.3480224609375,-0.61077880859375,-0.35211181640625,4227,7112,93,0,0,0
86223050,0.61798095703125,0.3480224609375,-0.61077880859375,-0.35211181640625,4211,7102,91,0,0,0
86233034,0.61798095703125,0.3480224609375,-0.6107177734375,-0.35211181640625,4221,7101,98,-1,0,-1
86243020,0.61798095703125,0.34796142578125,-0.6107177734375,-0.35211181640625,4223,7097,93,-1,-1,0
86252998,0.61798095703125,0.34796142578125,-0.6107177734375,-0.35211181640625,4223,7103,99,-1,-1,-1
86262986,0.61798095703125,0.34796142578125,-0.6107177734375,-0.35211181640625,4213,7103,100,-1,-1,0
86272966,0.61798095703125,0.34796142578125,-0.61077880859375,-0.35211181640625,4225,7100,101,0,-1,-1
86282949,0.61798095703125,0.34796142578125,-0.61077880859375,-0.3521728515625,4215,7107,96,0,0,-1
86292934,0.617919921875,0.34796142578125,-0.61077880859375,-0.3521728515625,4215,7109,99,-1,-1,0
86302915,0.617919921875,0.34796142578125,-0.61077880859375,-0.3521728515625,4210,7108,97,0,-1,-1
86312907,0.617919921875,0.34796142578125,-0.61077880859375,-0.3521728515625,4219,7115,96,-1,0,-1
86322886,0.617919921875,0.34796142578125,-0.61077880859375,-0.3521728515625,4221,7117,95,0,0,-1
86332873,0.617919921875,0.34796142578125,-0.61077880859375,-0.3521728515625,4217,7119,100,0,0,0
86342854,0.61798095703125,0.34796142578125,-0.6107177734375,-0.35223388671875,4211,7119,109,-1,0,-1
86352839,0.617919921875,0.3480224609375,-0.6107177734375,-0.35223388671875,4207,7125,97,-1,-1,-1
86362828,0.617919921875,0.3480224609375,-0.6107177734375,-0.3521728515625,4215,7122,83,0,-1,0
86372797,0.617919921875,0.3480224609375,-0.6107177734375,-0.3521728515625,4213,7130,85,0,0,0
86382779,0.617919921875,0.3480224609375,-0.6107177734375,-0.3521728515625,4225,7123,82,-1,0,-1
86392774,0.617919921875,0.3480224609375,-0.6107177734375,-0.3521728515625,4223,7123,87,0,-1,-1
86402744,0.617919921875,0.34796142578125,-0.6107177734375,-0.3521728515625,4217,7126,89,-1,-1,0
86412731,0.617919921875,0.34796142578125,-0.6107177734375,-0.35223388671875,4218,7130,96,-1,-1,-1
86422717,0.617919921875,0.34796142578125,-0.61077880859375,-0.3521728515625,4215,7124,93,0,-1,0
86432699,0.617919921875,0.34796142578125,-0.6107177734375,-0.35223388671875,4213,7125,97,-1,0,-1
86442680,0.61798095703125,0.34796142578125,-0.6107177734375,-0.35223388671875,4221,7119,97,-1,0,0
86452665,0.61798095703125,0.34796142578125,-0.6107177734375,-0.35223388671875,4223,7113,92,-1,-1,0
86462650,0.617919921875,0.34796142578125,-0.61077880859375,-0.35223388671875,4229,7110,95,0,-1,-1
86472637,0.61798095703125,0.347900390625,-0.61077880859375,-0.35223388671875,4232,7119,102,-1,0,0
86482615,0.61798095703125,0.347900390625,-0.6107177734375,-0.35223388671875,4228,7130,109,0,0,0
86492609,0.61798095703125,0.347900390625,-0.6107177734375,-0.35223388671875,4219,7121,118,-1,-1,-1
86502598,0.61798095703125,0.347900390625,-0.6107177734375,-0.35223388671875,4217,7125,115,0,-1,0
86512568,0.61798095703125,0.347900390625,-0.6107177734375,-0.352294921875,4209,7121,109,-1,-1,0
86522541,0.6180419921875,0.34783935546875,-0.6107177734375,-0.35223388671875,4209,7112,107,0,-1,0
86532529,0.61798095703125,0.347900390625,-0.6107177734375,-0.352294921875,4204,7118,93,-1,0,-1
86542515,0.61798095703125,0.34783935546875,-0.6107177734375,-0.35223388671875,4213,7116,92,-1,-1,0
86552492,0.61798095703125,0.34783935546875,-0.6107177734375,-0.35223388671875,4214,7121,88,-1,-1,0
86562475,0.61798095703125,0.34783935546875,-0.61077880859375,-0.35223388671875,4212,7115,89,-1,-1,-1
86572464,0.61798095703125,0.34783935546875,-0.61077880859375,-0.35223388671875,4219,7119,89,0,0,0
86582443,0.61798095703125,0.34783935546875,-0.6107177734375,-0.35223388671875,4216,7120,86,-1,0,-1
86592425,0.6180419921875,0.3477783203125,-0.61077880859375,-0.35223388671875,4225,7119,98,-1,-1,0
86602419,0.6180419921875,0.3477783203125,-0.61077880859375,-0.35223388671875,4223,7114,92,0,0,0
86612401,0.6180419921875,0.3477783203125,-0.61077880859375,-0.35223388671875,4219,7109,103,-1,-1,-1
86622381,0.6180419921875,0.3477783203125,-0.61077880859375,-0.3521728515625,4220,7117,100,0,0,0
86632363,0.6180419921875,0.3477783203125,-0.6107177734375,-0.3521728515625,4220,7108,95,-1,0,0
86642340,0.61810302734375,0.3477783203125,-0.6107177734375,-0.3521728515625,4221,7102,103,-1,0,0
86652323,0.61810302734375,0.3477783203125,-0.6107177734375,-0.3521728515625,4221,7112,98,0,0,0
86662305,0.61810302734375,0.3477783203125,-0.6107177734375,-0.3521728515625,4223,7123,99,-1,-1,0
86672294,0.61810302734375,0.34783935546875,-0.6107177734375,-0.35211181640625,4227,7115,90,0,0,-1
86682269,0.6180419921875,0.347900390625,-0.6107177734375,-0.35211181640625,4216,7129,84,0,0,-1
86692251,0.61810302734375,0.347900390625,-0.6107177734375,-0.3521728515625,4222,7134,93,-1,0,-1
86702239,0.61810302734375,0.347900390625,-0.6107177734375,-0.3521728515625,4226,7128,90,-1,-1,-1
86712219,0.6180419921875,0.347900390625,-0.6107177734375,-0.3521728515625,4222,7125,76,0,-1,-1
86722210,0.6180419921875,0.347900390625,-0.6107177734375,-0.3521728515625,4217,7132,79,0,0,-1
86732190,0.61810302734375,0.347900390625,-0.61065673828125,-0.35211181640625,4220,7117,93,0,0,-1
86742182,0.61810302734375,0.347900390625,-0.61065673828125,-0.3521728515625,4211,7113,102,-1,-1,-1
86752149,0.61810302734375,0.347900390625,-0.61065673828125,-0.3521728515625,4214,7107,104,-1,-1,0
86762141,0.61810302734375,0.34783935546875,-0.61065673828125,-0.3521728515625,4230,7114,110,0,-1,0
86772117,0.61810302734375,0.34783935546875,-0.6107177734375,-0.35211181640625,4233,7109,107,-1,-1,0
86782103,0.61810302734375,0.3477783203125,-0.6107177734375,-0.35211181640625,4227,7111,107,-1,-1,0
86792089,0.61810302734375,0.3477783203125,-0.6107177734375,-0.35211181640625,4232,7105,99,-1,-1,-1
86802077,0.61810302734375,0.3477783203125,-0.6107177734375,-0.35211181640625,4229,7114,87,0,0,0
86812060,0.6181640625,0.3477783203125,-0.6107177734375,-0.35205078125,4220,7105,91,0,0,0
86822032,0.6181640625,0.3477783203125,-0.6107177734375,-0.35205078125,4224,7098,93,0,-1,0
86832015,0.6181640625,0.34771728515625,-0.61077880859375,-0.35205078125,4232,7096,94,-1,-1,0
86842004,0.6181640625,0.34771728515625,-0.61077880859375,-0.35205078125,4233,7106,91,0,0,0
86851987,0.6181640625,0.34771728515625,-0.61077880859375,-0.35198974609375,4240,7100,92,0,0,0
86861973,0.6181640625,0.34771728515625,-0.61077880859375,-0.35198974609375,4231,7118,94,0,0,-1
86871955,0.6181640625,0.34771728515625,-0.61077880859375,-0.35198974609375,4236,7115,99,-1,-1,0
86881937,0.61822509765625,0.34771728515625,-0.61077880859375,-0.35198974609375,4238,7115,100,0,0,-1
86891922,0.61822509765625,0.34765625,-0.61077880859375,-0.35198974609375,4237,7123,95,-1,-1,-1
86901909,0.6181640625,0.34771728515625,-0.61077880859375,-0.35198974609375,4229,7118,92,0,0,0
86911882,0.61822509765625,0.34765625,-0.61077880859375,-0.35198974609375,4234,7120,108,-1,0,0
86921860,0.61822509765625,0.34771728515625,-0.61077880859375,-0.35198974609375,4222,7123,108,-1,0,-1
86931862,0.61822509765625,0.34771728515625,-0.61077880859375,-0.35198974609375,4222,7127,104,-1,-1,-1
86941848,0.6181640625,0.34771728515625,-0.61077880859375,-0.35198974609375,4222,7126,98,0,0,-1
86951826,0.6181640625,0.34771728515625,-0.61077880859375,-0.35198974609375,4210,7123,103,-1,-1,0
86961801,0.6181640625,0.34771728515625,-0.61077880859375,-0.35198974609375,4219,7106,106,0,0,0
86971783,0.61822509765625,0.34771728515625,-0.61077880859375,-0.35198974609375,4222,7116,109,-1,0,-1
86981763,0.61822509765625,0.34771728515625,-0.61077880859375,-0.3519287109375,4224,7115,99,-1,0,0
86991746,0.61822509765625,0.34771728515625,-0.61077880859375,-0.3519287109375,4220,7120,92,0,0,0
87001732,0.61822509765625,0.34771728515625,-0.61077880859375,-0.3519287109375,4230,7115,100,-1,-1,-1
87011717,0.61822509765625,0.34765625,-0.61077880859375,-0.3519287109375,4229,7119,99,0,-1,0
87021699,0.61822509765625,0.34765625,-0.61077880859375,-0.3519287109375,4232,7122,91,-1,0,-1
87031683,0.61822509765625,0.34765625,-0.61077880859375,-0.35186767578125,4233,7112,86,0,0,0
87041664,0.61822509765625,0.34765625,-0.61077880859375,-0.3519287109375,4222,7106,93,-1,-1,-1
87051661,0.61822509765625,0.34771728515625,-0.61077880859375,-0.3519287109375,4208,7108,96,0,0,0
87061636,0.61822509765625,0.34771728515625,-0.61077880859375,-0.35186767578125,4208,7114,99,0,0,0
87071613,0.61822509765625,0.34771728515625,-0.61077880859375,-0.3519287109375,4214,7122,95,-1,0,-1
87081611,0.61822509765625,0.3477783203125,-0.61077880859375,-0.3519287109375,4205,7119,95,0,-1,0
87091586,0.61822509765625,0.34771728515625,-0.6107177734375,-0.3519287109375,4208,7131,97,-1,-1,0
87101569,0.61822509765625,0.34771728515625,-0.6107177734375,-0.3519287109375,4213,7131,97,-1,-1,-1
87111547,0.61822509765625,0.34771728515625,-0.61077880859375,-0.3519287109375,4214,7135,93,0,-1,0
87121529,0.61822509765625,0.34771728515625,-0.6107177734375,-0.3519287109375,4219,7130,97,-1,0,-1
87131510,0.61822509765625,0.34771728515625,-0.61077880859375,-0.3519287109375,4210,7134,82,-1,-1,0
87141496,0.61822509765625,0.34771728515625,-0.61077880859375,-0.35186767578125,4224,7130,76,0,0,0
87151478,0.61822509765625,0.34771728515625,-0.61077880859375,-0.35186767578125,4224,7126,78,0,0,0
87161459,0.61822509765625,0.34771728515625,-0.61077880859375,-0.35186767578125,4224,7123,83,-1,-1,0
87171442,0.61822509765625,0.34771728515625,-0.61077880859375,-0.35186767578125,4223,7128,88,-1,0,-1
87181428,0.6182861328125,0.34771728515625,-0.61077880859375,-0.35186767578125,4218,7123,87,-1,-1,-1
87191414,0.61822509765625,0.34771728515625,-0.61077880859375,-0.35186767578125,4213,7122,88,0,0,-1
87201400,0.61822509765625,0.3477783203125,-0.61077880859375,-0.35186767578125,4215,7125,88,-1,0,0
87211374,0.6182861328125,0.34771728515625,-0.6107177734375,-0.35186767578125,4218,7124,97,-1,0,-1
87221351,0.6182861328125,0.3477783203125,-0.6107177734375,-0.35186767578125,4220,7124,92,-1,0,-1
87231340,0.6182861328125,0.3477783203125,-0.6107177734375,-0.35186767578125,4218,7117,90,0,0,-1
87241332,0.6182861328125,0.3477783203125,-0.6107177734375,-0.35186767578125,4214,7125,83,0,0,0
87251302,0.6182861328125,0.34783935546875,-0.61065673828125,-0.35186767578125,4225,7125,87,-1,0,-1
87261286,0.6182861328125,0.34783935546875,-0.61065673828125,-0.35186767578125,4220,7125,94,0,0,-1
87271273,0.6182861328125,0.34783935546875,-0.61065673828125,-0.35186767578125,4210,7120,92,-1,-1,0
87281254,0.61822509765625,0.34783935546875,-0.6107177734375,-0.35186767578125,4211,7114,87,0,-1,0
87291244,0.6182861328125,0.34783935546875,-0.6107177734375,-0.35186767578125,4207,7115,91,0,0,0
87301218,0.6182861328125,0.3477783203125,-0.6107177734375,-0.35186767578125,4226,7122,103,-1,0,0
87311209,0.6182861328125,0.3477783203125,-0.61065673828125,-0.35186767578125,4223,7129,105,-1,0,-1
87321193,0.61834716796875,0.3477783203125,-0.61065673828125,-0.35186767578125,4223,7125,116,0,0,-1
87331181,0.61834716796875,0.3477783203125,-0.61065673828125,-0.35186767578125,4216,7124,106,-1,-1,0
87341148,0.61834716796875,0.3477783203125,-0.61065673828125,-0.35186767578125,4227,7124,99,-1,-1,0
87351134,0.61834716796875,0.3477783203125,-0.61065673828125,-0.35186767578125,4222,7132,92,0,-1,0
87361127,0.61834716796875,0.3477783203125,-0.61065673828125,-0.35186767578125,4223,7135,100,0,0,-1
87371103,0.61834716796875,0.3477783203125,-0.61065673828125,-0.35186767578125,4227,7129,101,0,0,-1
87381083,0.6182861328125,0.34783935546875,-0.61065673828125,-0.35186767578125,4234,7140,86,-1,-1,-1
87391078,0.6182861328125,0.34783935546875,-0.61065673828125,-0.35186767578125,4239,7137,87,0,0,-1
87401060,0.61834716796875,0.34783935546875,-0.61065673828125,-0.351806640625,4230,7122,85,0,0,0
87411037,0.61834716796875,0.34783935546875,-0.61065673828125,-0.35186767578125,4225,7125,99,-1,-1,-1
87421019,0.61834716796875,0.34783935546875,-0.61065673828125,-0.35186767578125,4224,7131,96,0,0,-1
87430999,0.61834716796875,0.34783935546875,-0.61065673828125,-0.35186767578125,4230,7131,93,0,-1,-1
87440995,0.6182861328125,0.34783935546875,-0.61065673828125,-0.351806640625,4231,7117,90,0,0,-1
87450971,0.61834716796875,0.347900390625,-0.61065673828125,-0.351806640625,4237,7123,89,0,0,0
87460950,0.61834716796875,0.34783935546875,-0.61065673828125,-0.351806640625,4228,7120,99,-1,0,0
87470931,0.61834716796875,0.3477783203125,-0.61065673828125,-0.351806640625,4232,7120,100,-1,-1,0
87480919,0.618408203125,0.3477783203125,-0.61065673828125,-0.35174560546875,4242,7124,91,0,0,0
87490897,0.618408203125,0.3477783203125,-0.61065673828125,-0.35174560546875,4237,7136,95,-1,0,0
87500884,0.618408203125,0.3477783203125,-0.61065673828125,-0.35174560546875,4222,7121,89,-1,0,0
87510860,0.618408203125,0.3477783203125,-0.610595703125,-0.35174560546875,4218,7117,104,-1,0,0
87520852,0.61846923828125,0.3477783203125,-0.610595703125,-0.35174560546875,4220,7118,105,-1,-1,-1
87530838,0.618408203125,0.3477783203125,-0.61065673828125,-0.35174560546875,4221,7113,107,0,-1,0
87540817,0.618408203125,0.3477783203125,-0.61065673828125,-0.35174560546875,4214,7130,99,0,-1,0
87550798,0.618408203125,0.3477783203125,-0.61065673828125,-0.35174560546875,4210,7125,99,0,0,0
87560780,0.61846923828125,0.3477783203125,-0.610595703125,-0.35174560546875,4219,7123,101,-1,0,-1
87570767,0.61846923828125,0.3477783203125,-0.610595703125,-0.35174560546875,4220,7127,105,0,0,0
87580751,0.61846923828125,0.3477783203125,-0.610595703125,-0.35174560546875,4215,7123,106,-1,-1,-1
87590738,0.61846923828125,0.3477783203125,-0.610595703125,-0.35174560546875,4227,7128,89,0,0,0
87600717,0.61846923828125,0.3477783203125,-0.610595703125,-0.3516845703125,4232,7129,94,0,0,0
87610698,0.61846923828125,0.3477783203125,-0.610595703125,-0.35174560546875,4226,7126,84,-1,0,-1
87620684,0.61846923828125,0.3477783203125,-0.610595703125,-0.3516845703125,4231,7114,88,0,-1,0
87630664,0.61846923828125,0.3477783203125,-0.61065673828125,-0.3516845703125,4235,7107,82,-1,-1,0
87640650,0.61846923828125,0.3477783203125,-0.61065673828125,-0.3516845703125,4231,7111,88,0,-1,0
87650631,0.61846923828125,0.34771728515625,-0.61065673828125,-0.3516845703125,4226,7112,92,0,-1,0
87660615,0.61846923828125,0.34771728515625,-0.61065673828125,-0.3516845703125,4227,7110,101,-1,0,0
87670607,0.61846923828125,0.34771728515625,-0.61065673828125,-0.3516845703125,4227,7103,101,-1,-1,-1
87680598,0.61846923828125,0.3477783203125,-0.61065673828125,-0.3516845703125,4221,7115,98,0,-1,-1
87690582,0.61846923828125,0.3477783203125,-0.61065673828125,-0.3516845703125,4225,7124,91,0,-1,0
87700540,0.61846923828125,0.3477783203125,-0.61065673828125,-0.35162353515625,4223,7125,93,0,-1,0
87710529,0.61846923828125,0.3477783203125,-0.61065673828125,-0.35162353515625,4208,7118,80,0,-1,0
87720507,0.61846923828125,0.34771728515625,-0.61065673828125,-0.35162353515625,4206,7111,97,-1,-1,0
87730495,0.61846923828125,0.34771728515625,-0.61065673828125,-0.35162353515625,4217,7116,95,0,0,0
87740475,0.6185302734375,0.34771728515625,-0.61065673828125,-0.35162353515625,4213,7119,101,-1,0,0
87750457,0.6185302734375,0.34771728515625,-0.61065673828125,-0.35162353515625,4205,7111,103,0,0,0
87760447,0.6185302734375,0.34771728515625,-0.61065673828125,-0.35162353515625,4214,7107,94,-1,0,0
87770433,0.6185302734375,0.34771728515625,-0.61065673828125,-0.35162353515625,4224,7107,93,-1,0,0
87780410,0.6185302734375,0.34771728515625,-0.61065673828125,-0.35162353515625,4211,7115,110,-1,-1,0
87790402,0.6185302734375,0.34771728515625,-0.61065673828125,-0.35162353515625,4213,7101,107,0,0,0
87800373,0.61859130859375,0.34765625,-0.61065673828125,-0.35162353515625,4220,7106,115,-1,0,0
87810365,0.6185302734375,0.34765625,-0.61065673828125,-0.35162353515625,4214,7114,112,-1,-1,0
87820345,0.61859130859375,0.34765625,-0.610595703125,-0.35162353515625,4216,7127,105,-1,0,-1
87830323,0.6185302734375,0.34771728515625,-0.610595703125,-0.35162353515625,4217,7123,95,0,-1,-1
87840304,0.6185302734375,0.34771728515625,-0.61065673828125,-0.35162353515625,4235,7127,91,0,-1,-1
87850293,0.6185302734375,0.34771728515625,-0.61065673828125,-0.35162353515625,4232,7119,83,0,0,-1
87860273,0.6185302734375,0.34771728515625,-0.61065673828125,-0.35162353515625,4230,7118,85,0,0,-1
87870257,0.6185302734375,0.34771728515625,-0.61065673828125,-0.35162353515625,4242,7119,92,0,-1,-1
87880243,0.6185302734375,0.3477783203125,-0.61065673828125,-0.35162353515625,4241,7119,80,0,0,0
87890220,0.6185302734375,0.34771728515625,-0.61065673828125,-0.3515625,4245,7112,84,-1,0,0
87900208,0.6185302734375,0.34771728515625,-0.610595703125,-0.3515625,4241,7113,86,-1,0,-1
87910193,0.6185302734375,0.3477783203125,-0.610595703125,-0.3515625,4241,7113,88,0,0,-1
87920179,0.6185302734375,0.34771728515625,-0.610595703125,-0.3515625,4248,7126,90,-1,-1,0
87930165,0.61859130859375,0.34771728515625,-0.61065673828125,-0.3515625,4242,7120,90,0,-1,0
87940144,0.61859130859375,0.34771728515625,-0.61065673828125,-0.35150146484375,4241,7115,83,0,-1,0
87950116,0.6185302734375,0.34771728515625,-0.61065673828125,-0.3515625,4236,7112,100,0,-1,-1
87960106,0.6185302734375,0.34771728515625,-0.6107177734375,-0.35150146484375,4240,7108,96,0,-1,0
87970082,0.6185302734375,0.34765625,-0.6107177734375,-0.35150146484375,4237,7105,90,-1,-1,0
87980072,0.6185302734375,0.34765625,-0.6107177734375,-0.35150146484375,4229,7104,95,0,-1,-1
87990053,0.6185302734375,0.34765625,-0.6107177734375,-0.35150146484375,4218,7119,91,0,-1,-1
88000039,0.6185302734375,0.34765625,-0.6107177734375,-0.35150146484375,4222,7126,93,0,0,-1
88010026,0.6185302734375,0.34771728515625,-0.6107177734375,-0.35150146484375,4228,7134,96,0,0,-1
88020003,0.6185302734375,0.34771728515625,-0.6107177734375,-0.35150146484375,4234,7129,101,-1,0,0
88029986,0.6185302734375,0.34765625,-0.6107177734375,-0.35150146484375,4228,7125,98,0,0,0
88039970,0.6185302734375,0.34765625,-0.6107177734375,-0.35150146484375,4218,7117,106,-1,-1,-1
88049957,0.6185302734375,0.34771728515625,-0.6107177734375,-0.3514404296875,4221,7122,88,0,0,0
88059935,0.6185302734375,0.34771728515625,-0.6107177734375,-0.3514404296875,4223,7122,93,-1,0,-1
88069916,0.6185302734375,0.34771728515625,-0.6107177734375,-0.3514404296875,4236,7130,87,-1,-1,-1
88079900,0.6185302734375,0.34771728515625,-0.6107177734375,-0.3514404296875,4232,7130,83,0,0,-1
88089886,0.61846923828125,0.34771728515625,-0.61077880859375,-0.3514404296875,4216,7124,89,-1,-1,0
88099873,0.61846923828125,0.34771728515625,-0.61077880859375,-0.3514404296875,4214,7130,91,-1,0,0
88109857,0.61846923828125,0.3477783203125,-0.61077880859375,-0.3514404296875,4222,7120,81,0,0,-1
88119842,0.61846923828125,0.3477783203125,-0.61077880859375,-0.35137939453125,4226,7119,81,-1,0,0
88129826,0.61846923828125,0.3477783203125,-0.61077880859375,-0.3514404296875,4221,7129,88,0,-1,-1
88139804,0.61846923828125,0.3477783203125,-0.61077880859375,-0.3514404296875,4219,7128,84,0,0,0
88149780,0.61846923828125,0.3477783203125,-0.61077880859375,-0.3514404296875,4217,7126,73,-1,-1,0
88159764,0.61846923828125,0.34771728515625,-0.61083984375,-0.3514404296875,4217,7125,89,-1,-1,0
88169746,0.61846923828125,0.34771728515625,-0.61083984375,-0.3514404296875,4222,7127,87,-1,-1,0
88179730,0.61846923828125,0.34771728515625,-0.61083984375,-0.35137939453125,4229,7130,87,0,-1,0
88189710,0.61846923828125,0.34771728515625,-0.61083984375,-0.35137939453125,4227,7128,84,-1,-1,0
88199698,0.61846923828125,0.34771728515625,-0.61083984375,-0.35137939453125,4231,7121,78,0,0,0
88209680,0.61846923828125,0.34765625,-0.61090087890625,-0.35137939453125,4239,7133,88,-1,-1,0
88219661,0.61846923828125,0.34765625,-0.61090087890625,-0.351318359375,4231,7135,91,0,0,0
88229652,0.61846923828125,0.34771728515625,-0.61090087890625,-0.351318359375,4228,7133,94,0,0,0
88239633,0.61846923828125,0.34765625,-0.61090087890625,-0.351318359375,4223,7131,95,-1,-1,0
88249619,0.61846923828125,0.34771728515625,-0.61090087890625,-0.351318359375,4224,7130,87,-1,0,-1
88259614,0.61846923828125,0.34771728515625,-0.61090087890625,-0.351318359375,4215,7130,85,0,-1,0
88269598,0.61846923828125,0.34771728515625,-0.61090087890625,-0.351318359375,4221,7130,90,-1,0,-1
88279577,0.61846923828125,0.34771728515625,-0.61090087890625,-0.351318359375,4227,7128,80,0,-1,0
88289549,0.61846923828125,0.34765625,-0.61090087890625,-0.351318359375,4232,7120,87,0,0,0
88299524,0.61846923828125,0.34765625,-0.61090087890625,-0.351318359375,4235,7127,94,-1,0,0
88309516,0.61846923828125,0.34765625,-0.61090087890625,-0.351318359375,4229,7122,97,-1,-1,-1
88319496,0.61846923828125,0.34765625,-0.61090087890625,-0.351318359375,4228,7122,93,0,-1,-1
88329486,0.61846923828125,0.34765625,-0.61090087890625,-0.351318359375,4233,7122,91,0,0,0
88339461,0.61846923828125,0.34765625,-0.61090087890625,-0.351318359375,4230,7127,100,0,0,0
88349443,0.61846923828125,0.34771728515625,-0.61090087890625,-0.351318359375,4232,7126,96,-1,0,-1
88359430,0.61846923828125,0.34771728515625,-0.61090087890625,-0.351318359375,4225,7130,90,0,-1,0
88369419,0.61846923828125,0.34771728515625,-0.61090087890625,-0.351318359375,4226,7123,86,-1,-1,-1
88379402,0.618408203125,0.34771728515625,-0.61090087890625,-0.351318359375,4215,7116,81,0,-1,-1
88389378,0.618408203125,0.3477783203125,-0.61090087890625,-0.35125732421875,4219,7115,85,0,0,-1
88399366,0.61846923828125,0.3477783203125,-0.61090087890625,-0.35125732421875,4224,7115,105,0,0,-1
88409336,0.61846923828125,0.3477783203125,-0.61083984375,-0.351318359375,4220,7127,100,-1,0,-1
88419326,0.61846923828125,0.3477783203125,-0.61083984375,-0.35125732421875,4218,7124,95,0,0,0
88429307,0.61846923828125,0.34783935546875,-0.61083984375,-0.35125732421875,4222,7126,93,-1,0,-1
88439291,0.61846923828125,0.3477783203125,-0.61083984375,-0.35125732421875,4232,7120,96,-1,0,0
88449274,0.6185302734375,0.3477783203125,-0.61083984375,-0.35125732421875,4230,7126,89,-1,0,-1
88459258,0.61846923828125,0.3477783203125,-0.61083984375,-0.35125732421875,4224,7126,83,-1,-1,0
88469245,0.61846923828125,0.34783935546875,-0.61090087890625,-0.3511962890625,4231,7117,74,0,-1,0
88479223,0.61846923828125,0.3477783203125,-0.61090087890625,-0.3511962890625,4239,7114,87,0,0,0
88489208,0.61846923828125,0.3477783203125,-0.61090087890625,-0.3511962890625,4237,7128,90,-1,0,0
88499189,0.61846923828125,0.34783935546875,-0.61090087890625,-0.3511962890625,4223,7128,98,-1,0,-1
88509177,0.61846923828125,0.3477783203125,-0.61083984375,-0.3511962890625,4219,7131,97,-1,-1,0
88519164,0.61846923828125,0.3477783203125,-0.61083984375,-0.35125732421875,4218,7128,93,-1,-1,-1
88529146,0.61846923828125,0.3477783203125,-0.61090087890625,-0.3511962890625,4220,7127,80,0,0,0
88539119,0.61846923828125,0.3477783203125,-0.61090087890625,-0.3511962890625,4237,7126,78,-1,-1,0
88549104,0.61846923828125,0.3477783203125,-0.61090087890625,-0.3511962890625,4238,7131,86,-1,-1,0
88559094,0.61846923828125,0.3477783203125,-0.61090087890625,-0.3511962890625,4243,7128,92,0,-1,-1
88569066,0.61846923828125,0.34771728515625,-0.61090087890625,-0.35125732421875,4234,7131,89,-1,-1,-1
88579060,0.618408203125,0.34771728515625,-0.6109619140625,-0.3511962890625,4230,7136,86,0,-1,0
88589034,0.618408203125,0.34771728515625,-0.6109619140625,-0.3511962890625,4238,7129,81,-1,-1,0
88599018,0.618408203125,0.34771728515625,-0.61102294921875,-0.3511962890625,4237,7127,82,-1,-1,0
88609008,0.618408203125,0.34771728515625,-0.61102294921875,-0.3511962890625,4233,7125,79,0,-1,-1
88618985,0.618408203125,0.34771728515625,-0.61102294921875,-0.3511962890625,4221,7122,88,0,-1,-1
88628970,0.61834716796875,0.34771728515625,-0.61102294921875,-0.35125732421875,4221,7117,82,-1,-1,0
88638950,0.61834716796875,0.34771728515625,-0.61102294921875,-0.3511962890625,4223,7125,89,-1,-1,0
88648930,0.618408203125,0.34771728515625,-0.61102294921875,-0.3511962890625,4219,7116,96,-1,-1,0
88658920,0.618408203125,0.34765625,-0.61102294921875,-0.3511962890625,4226,7107,93,0,0,0
88668901,0.618408203125,0.34771728515625,-0.61102294921875,-0.35113525390625,4229,7118,87,0,0,0
88678882,0.618408203125,0.34765625,-0.61102294921875,-0.3511962890625,4222,7121,97,-1,-1,0
88688874,0.618408203125,0.34771728515625,-0.61102294921875,-0.3511962890625,4226,7131,100,0,0,-1
88698855,0.618408203125,0.34771728515625,-0.61102294921875,-0.3511962890625,4233,7124,93,0,0,-1
88708844,0.618408203125,0.34771728515625,-0.61102294921875,-0.35113525390625,4243,7119,90,-1,-1,0
88718816,0.618408203125,0.34771728515625,-0.61102294921875,-0.35113525390625,4246,7111,92,-1,-1,0
88728798,0.618408203125,0.34765625,-0.61102294921875,-0.35113525390625,4246,7098,90,-1,-1,0
88738787,0.618408203125,0.34765625,-0.611083984375,-0.35113525390625,4248,7108,78,0,0,-1
88748761,0.618408203125,0.34771728515625,-0.61102294921875,-0.35113525390625,4240,7116,86,-1,0,-1
88758752,0.618408203125,0.34771728515625,-0.61102294921875,-0.35107421875,4243,7119,87,0,0,0
88768734,0.61846923828125,0.34771728515625,-0.61102294921875,-0.35107421875,4247,7114,89,0,0,0
88778717,0.618408203125,0.34771728515625,-0.61102294921875,-0.35113525390625,4238,7114,79,-1,-1,-1
88788706,0.618408203125,0.34771728515625,-0.611083984375,-0.35107421875,4231,7116,78,0,0,0
88798680,0.618408203125,0.34771728515625,-0.611083984375,-0.35107421875,4239,7131,81,-1,0,0
88808668,0.618408203125,0.3477783203125,-0.611083984375,-0.35107421875,4248,7125,81,0,0,0
88818654,0.618408203125,0.3477783203125,-0.61102294921875,-0.35107421875,4243,7129,91,0,0,-1
88828630,0.618408203125,0.3477783203125,-0.611083984375,-0.35107421875,4241,7127,88,0,-1,-1
88838619,0.618408203125,0.3477783203125,-0.611083984375,-0.35107421875,4244,7124,99,0,-1,0
88848604,0.618408203125,0.3477783203125,-0.611083984375,-0.35107421875,4236,7136,95,-1,-1,0
88858599,0.618408203125,0.3477783203125,-0.611083984375,-0.35107421875,4227,7125,94,0,-1,-1
88868581,0.618408203125,0.3477783203125,-0.611083984375,-0.35107421875,4218,7121,86,-1,-1,0
88878543,0.61834716796875,0.3477783203125,-0.611083984375,-0.35107421875,4215,7124,74,0,-1,0
88888530,0.61834716796875,0.34783935546875,-0.611083984375,-0.35107421875,4208,7121,71,0,0,-1
88898513,0.61834716796875,0.3477783203125,-0.611083984375,-0.35107421875,4207,7114,78,-1,-1,0
88908495,0.61834716796875,0.3477783203125,-0.611083984375,-0.35107421875,4213,7119,71,0,-1,-1
88918480,0.61834716796875,0.3477783203125,-0.611083984375,-0.35107421875,4209,7116,86,0,-1,0
88928454,0.61834716796875,0.34771728515625,-0.611083984375,-0.35113525390625,4219,7123,93,-1,-1,0
88938439,0.61834716796875,0.34771728515625,-0.61114501953125,-0.35107421875,4229,7116,98,0,-1,0
88948430,0.61834716796875,0.34771728515625,-0.61114501953125,-0.35107421875,4226,7114,96,0,-1,-1
88958413,0.61834716796875,0.34771728515625,-0.61114501953125,-0.35113525390625,4229,7118,96,0,-1,-1
88968400,0.61834716796875,0.3477783203125,-0.611083984375,-0.35107421875,4223,7121,94,0,0,-1
88978379,0.61834716796875,0.3477783203125,-0.611083984375,-0.35107421875,4226,7117,93,0,-1,-1
88988355,0.61834716796875,0.34783935546875,-0.611083984375,-0.35107421875,4229,7123,90,0,0,-1
88998337,0.61834716796875,0.34783935546875,-0.611083984375,-0.35107421875,4232,7134,91,-1,-1,-1
89008326,0.61834716796875,0.34783935546875,-0.611083984375,-0.35107421875,4239,7128,96,0,0,-1
89018308,0.61834716796875,0.3477783203125,-0.611083984375,-0.35107421875,4249,7138,98,-1,-1,0
89028288,0.61834716796875,0.3477783203125,-0.611083984375,-0.35107421875,4236,7132,99,0,-1,0
89038276,0.61834716796875,0.3477783203125,-0.611083984375,-0.35107421875,4236,7126,98,-1,-1,0
89048250,0.61834716796875,0.34771728515625,-0.611083984375,-0.35107421875,4233,7130,90,-1,-1,0
89058240,0.61834716796875,0.34771728515625,-0.61114501953125,-0.35107421875,4236,7128,98,0,-1,-1
89068220,0.61834716796875,0.34771728515625,-0.61114501953125,-0.35107421875,4238,7124,88,0,-1,0
89078209,0.61834716796875,0.3477783203125,-0.61114501953125,-0.35107421875,4235,7121,98,0,0,-1
89088197,0.61834716796875,0.3477783203125,-0.611083984375,-0.35101318359375,4226,7118,97,0,0,-1
89098178,0.61834716796875,0.3477783203125,-0.611083984375,-0.35101318359375,4226,7119,93,0,0,0
89108161,0.61834716796875,0.3477783203125,-0.611083984375,-0.35107421875,4218,7127,96,-1,-1,-1
89118143,0.61834716796875,0.34783935546875,-0.611083984375,-0.35101318359375,4222,7118,92,0,0,0
89128119,0.61834716796875,0.3477783203125,-0.611083984375,-0.35101318359375,4224,7129,96,-1,-1,0
89138103,0.61834716796875,0.3477783203125,-0.611083984375,-0.35101318359375,4221,7139,100,-1,0,0
89148088,0.61834716796875,0.3477783203125,-0.611083984375,-0.35107421875,4216,7123,90,-1,-1,-1
89158078,0.61834716796875,0.34783935546875,-0.611083984375,-0.35101318359375,4217,7125,85,0,0,0
89168050,0.61834716796875,0.34783935546875,-0.611083984375,-0.35101318359375,4216,7130,88,-1,0,0
89178038,0.61834716796875,0.34783935546875,-0.611083984375,-0.35101318359375,4217,7140,85,-1,0,-1
89188016,0.61834716796875,0.347900390625,-0.61102294921875,-0.35101318359375,4219,7139,97,0,0,-1
89197999,0.618408203125,0.347900390625,-0.61102294921875,-0.35107421875,4215,7139,109,-1,0,-1
89207991,0.618408203125,0.347900390625,-0.61102294921875,-0.35107421875,4224,7133,100,0,-1,-1
89217966,0.618408203125,0.347900390625,-0.61102294921875,-0.35101318359375,4223,7128,99,0,0,-1
89227946,0.618408203125,0.34796142578125,-0.6109619140625,-0.35101318359375,4228,7119,88,0,0,-1
89237936,0.618408203125,0.34796142578125,-0.6109619140625,-0.35101318359375,4229,7108,81,-1,-1,0
89247919,0.618408203125,0.34796142578125,-0.6109619140625,-0.35101318359375,4214,7118,75,0,-1,-1
89257911,0.618408203125,0.34796142578125,-0.6109619140625,-0.35101318359375,4219,7114,86,0,0,0
89267885,0.618408203125,0.34796142578125,-0.6109619140625,-0.35101318359375,4218,7114,90,-1,0,-1
89277863,0.618408203125,0.34796142578125,-0.6109619140625,-0.35101318359375,4224,7113,98,0,0,-1
89287859,0.618408203125,0.34796142578125,-0.6109619140625,-0.35101318359375,4216,7110,103,-1,-1,0
89297833,0.61846923828125,0.347900390625,-0.6109619140625,-0.35101318359375,4223,7116,103,-1,-1,0
89307818,0.618408203125,0.347900390625,-0.6109619140625,-0.35101318359375,4229,7122,110,0,-1,0
89317797,0.61846923828125,0.347900390625,-0.6109619140625,-0.35101318359375,4220,7120,114,-1,-1,0
89327786,0.61846923828125,0.34796142578125,-0.61090087890625,-0.35101318359375,4223,7120,112,0,0,-1
89337760,0.61846923828125,0.34796142578125,-0.61090087890625,-0.35101318359375,4238,7127,108,-1,0,-1
89347753,0.61846923828125,0.34796142578125,-0.61090087890625,-0.35101318359375,4235,7121,110,0,0,0
89357731,0.6185302734375,0.34796142578125,-0.61083984375,-0.35101318359375,4230,7124,110,-1,-1,0
89367720,0.61846923828125,0.34796142578125,-0.61090087890625,-0.35101318359375,4227,7124,102,0,-1,0
89377694,0.61846923828125,0.34796142578125,-0.61090087890625,-0.35101318359375,4224,7125,105,-1,-1,0
89387680,0.61846923828125,0.34796142578125,-0.61090087890625,-0.3509521484375,4229,7122,97,-1,-1,0
89397663,0.61846923828125,0.34796142578125,-0.61090087890625,-0.3509521484375,4224,7132,99,0,0,-1
89407652,0.6185302734375,0.34796142578125,-0.61090087890625,-0.3509521484375,4233,7130,103,-1,0,0
89417646,0.6185302734375,0.34796142578125,-0.61090087890625,-0.3509521484375,4225,7130,92,0,-1,0
89427614,0.6185302734375,0.347900390625,-0.61090087890625,-0.3509521484375,4236,7119,95,-1,-1,-1
89437610,0.61846923828125,0.347900390625,-0.61090087890625,-0.3509521484375,4235,7127,91,0,-1,-1
89447591,0.6185302734375,0.347900390625,-0.61090087890625,-0.35101318359375,4235,7133,90,-1,-1,0
89457565,0.61846923828125,0.347900390625,-0.6109619140625,-0.3509521484375,4233,7132,98,0,-1,0
89467545,0.6185302734375,0.347900390625,-0.61090087890625,-0.3509521484375,4242,7133,101,-1,0,0
89477527,0.6185302734375,0.347900390625,-0.61090087890625,-0.3509521484375,4230,7131,99,-1,0,-1
89487513,0.6185302734375,0.347900390625,-0.61090087890625,-0.3509521484375,4235,7135,110,0,-1,0
89497500,0.6185302734375,0.34783935546875,-0.61090087890625,-0.35101318359375,4228,7124,106,-1,-1,-1
89507482,0.6185302734375,0.347900390625,-0.61090087890625,-0.3509521484375,4222,7126,96,0,0,0
89517463,0.6185302734375,0.34783935546875,-0.61090087890625,-0.35101318359375,4226,7125,90,-1,-1,-1
89527443,0.6185302734375,0.347900390625,-0.61090087890625,-0.35101318359375,4235,7131,97,0,0,-1
89537429,0.6185302734375,0.34783935546875,-0.61090087890625,-0.35101318359375,4230,7124,100,-1,-1,0
89547413,0.6185302734375,0.34783935546875,-0.61090087890625,-0.35101318359375,4232,7122,101,-1,-1,-1
89557399,0.6185302734375,0.347900390625,-0.61090087890625,-0.35101318359375,4228,7129,99,0,0,-1
89567380,0.6185302734375,0.347900390625,-0.61090087890625,-0.35101318359375,4220,7128,90,0,-1,0
89577364,0.6185302734375,0.347900390625,-0.61090087890625,-0.35101318359375,4215,7135,97,0,0,0
89587340,0.6185302734375,0.347900390625,-0.61090087890625,-0.35101318359375,4230,7117,100,-1,0,-1
89597330,0.6185302734375,0.347900390625,-0.61090087890625,-0.35101318359375,4225,7115,90,0,0,0
89607306,0.61859130859375,0.347900390625,-0.61083984375,-0.35101318359375,4221,7109,101,-1,0,0
89617292,0.61859130859375,0.347900390625,-0.61083984375,-0.3509521484375,4224,7114,103,0,-1,0
89627273,0.61859130859375,0.34796142578125,-0.61083984375,-0.3509521484375,4235,7123,93,0,0,-1
89637259,0.61859130859375,0.347900390625,-0.61083984375,-0.35101318359375,4227,7129,98,-1,-1,0
89647244,0.61859130859375,0.347900390625,-0.61083984375,-0.3509521484375,4225,7122,94,0,-1,0
89657221,0.61859130859375,0.347900390625,-0.61083984375,-0.3509521484375,4233,7119,105,0,0,0
89667208,0.61859130859375,0.34796142578125,-0.61083984375,-0.3509521484375,4231,7122,111,0,0,0
89677195,0.61859130859375,0.34796142578125,-0.61077880859375,-0.3509521484375,4239,7128,110,-1,0,-1
89687180,0.61865234375,0.34796142578125,-0.61077880859375,-0.3509521484375,4232,7125,106,-1,0,0
89697161,0.61865234375,0.34796142578125,-0.61083984375,-0.3509521484375,4241,7127,101,0,-1,0
89707144,0.61865234375,0.347900390625,-0.61083984375,-0.35089111328125,4246,7127,99,0,0,0
89717119,0.61865234375,0.347900390625,-0.61083984375,-0.35089111328125,4234,7126,103,0,-1,0
89727100,0.61865234375,0.347900390625,-0.61083984375,-0.35089111328125,4235,7134,97,-1,-1,0
89737091,0.61865234375,0.347900390625,-0.61083984375,-0.35089111328125,4234,7127,103,0,0,-1
89747067,0.61865234375,0.34796142578125,-0.61077880859375,-0.3509521484375,4235,7134,101,-1,0,-1
89757060,0.61865234375,0.34796142578125,-0.61077880859375,-0.35089111328125,4245,7144,94,-1,-1,0
89767034,0.61859130859375,0.347900390625,-0.61083984375,-0.35089111328125,4242,7132,91,0,-1,0
89777014,0.61865234375,0.347900390625,-0.61083984375,-0.3509521484375,4236,7127,100,-1,-1,0
89787007,0.61859130859375,0.347900390625,-0.61083984375,-0.35089111328125,4228,7124,101,0,0,0
89796986,0.61865234375,0.347900390625,-0.61083984375,-0.35089111328125,4235,7113,99,-1,-1,0
89806969,0.61865234375,0.347900390625,-0.61083984375,-0.35089111328125,4231,7115,106,0,-1,-1
89816959,0.61865234375,0.34783935546875,-0.61083984375,-0.35089111328125,4234,7109,105,0,0,0
89826933,0.61865234375,0.34783935546875,-0.61083984375,-0.35089111328125,4236,7118,106,-1,0,0
89836921,0.61865234375,0.34783935546875,-0.61083984375,-0.35089111328125,4232,7113,94,0,-1,-1
89846905,0.61865234375,0.34783935546875,-0.61083984375,-0.35089111328125,4235,7106,93,0,-1,-1
89856886,0.61865234375,0.347900390625,-0.61083984375,-0.350830078125,4233,7120,87,0,0,0
89866861,0.61865234375,0.347900390625,-0.61083984375,-0.350830078125,4234,7123,105,-1,0,0
89876860,0.61865234375,0.34783935546875,-0.61083984375,-0.350830078125,4227,7122,100,-1,-1,0
89886845,0.61871337890625,0.34783935546875,-0.61083984375,-0.350830078125,4223,7113,101,0,0,-1
89896828,0.61865234375,0.34783935546875,-0.61083984375,-0.350830078125,4225,7113,93,-1,-1,0
89906798,0.61865234375,0.34783935546875,-0.61090087890625,-0.35076904296875,4229,7117,83,0,-1,0
89916790,0.61865234375,0.34783935546875,-0.61090087890625,-0.35076904296875,4234,7116,88,0,0,-1
89926767,0.61871337890625,0.347900390625,-0.61083984375,-0.35076904296875,4227,7129,88,0,0,-1
89936756,0.61871337890625,0.347900390625,-0.61083984375,-0.35076904296875,4227,7128,94,0,-1,-1
89946736,0.61865234375,0.347900390625,-0.61083984375,-0.35076904296875,4222,7120,93,0,-1,-1
89956717,0.61865234375,0.34796142578125,-0.61083984375,-0.350830078125,4222,7126,100,0,-1,-1
89966698,0.61865234375,0.34796142578125,-0.61083984375,-0.350830078125,4221,7133,98,-1,-1,0
89976680,0.61865234375,0.34796142578125,-0.61083984375,-0.350830078125,4222,7138,96,0,-1,0
89986667,0.61865234375,0.34796142578125,-0.61083984375,-0.350830078125,4228,7131,84,0,-1,-1
89996656,0.61859130859375,0.34796142578125,-0.61083984375,-0.350830078125,4221,7138,83,0,-1,0
90006634,0.61859130859375,0.34796142578125,-0.61090087890625,-0.350830078125,4226,7135,80,-1,-1,-1
90016616,0.61859130859375,0.3480224609375,-0.61090087890625,-0.350830078125,4224,7134,79,0,0,-1
90026609,0.61859130859375,0.34796142578125,-0.61090087890625,-0.350830078125,4219,7136,80,-1,-1,0
90036585,0.6185302734375,0.34796142578125,-0.61090087890625,-0.35089111328125,4218,7137,81,-1,-1,0
90046566,0.6185302734375,0.34796142578125,-0.61090087890625,-0.35089111328125,4220,7133,88,0,-1,0
90056541,0.6185302734375,0.34796142578125,-0.61090087890625,-0.35089111328125,4211,7124,89,-1,-1,0
90066531,0.6185302734375,0.34796142578125,-0.61090087890625,-0.350830078125,4209,7118,97,-1,0,0
90079419,0.61859130859375,0.34796142578125,-0.61090087890625,-0.350830078125,4207,7115,107,0,0,0
90086493,0.61859130859375,0.34796142578125,-0.61090087890625,-0.350830078125,4215,7132,108,-1,-1,0
90096481,0.61859130859375,0.34796142578125,-0.61083984375,-0.35089111328125,4220,7139,100,0,0,-1
90106462,0.6185302734375,0.34796142578125,-0.61090087890625,-0.35089111328125,4216,7134,99,-1,-1,0
90116448,0.6185302734375,0.3480224609375,-0.61090087890625,-0.35089111328125,4215,7131,86,0,0,-1
90126422,0.6185302734375,0.3480224609375,-0.61083984375,-0.35089111328125,4219,7132,87,0,0,-1
90136416,0.61859130859375,0.3480224609375,-0.61083984375,-0.35089111328125,4221,7129,95,0,0,0
90146390,0.61859130859375,0.3480224609375,-0.61083984375,-0.35089111328125,4220,7123,97,-1,0,0
90156376,0.61859130859375,0.34808349609375,-0.61083984375,-0.350830078125,4218,7116,106,0,0,0
90166359,0.61859130859375,0.3480224609375,-0.61077880859375,-0.35089111328125,4226,7115,108,-1,0,-1
90176343,0.61859130859375,0.34808349609375,-0.61083984375,-0.350830078125,4223,7118,109,0,-1,0
90186328,0.61859130859375,0.34808349609375,-0.61077880859375,-0.35089111328125,4217,7118,107,-1,-1,-1
90196311,0.61859130859375,0.34808349609375,-0.61077880859375,-0.35089111328125,4218,7126,112,0,0,0
90206292,0.61859130859375,0.34808349609375,-0.61077880859375,-0.35089111328125,4222,7135,104,0,-1,0
90216278,0.61859130859375,0.34808349609375,-0.61077880859375,-0.35089111328125,4234,7123,110,-1,0,-1
90226262,0.61859130859375,0.34808349609375,-0.61077880859375,-0.35089111328125,4227,7128,97,0,0,0
90236242,0.61859130859375,0.34814453125,-0.61077880859375,-0.35089111328125,4226,7130,104,-1,-1,-1
90246229,0.61859130859375,0.34814453125,-0.61077880859375,-0.350830078125,4238,7133,101,0,0,0
90256208,0.61859130859375,0.34808349609375,-0.61077880859375,-0.350830078125,4244,7121,104,-1,-1,-1
90266190,0.61859130859375,0.34814453125,-0.61077880859375,-0.350830078125,4243,7124,94,0,0,-1
90276181,0.61859130859375,0.34814453125,-0.61077880859375,-0.35089111328125,4237,7130,101,-1,-1,0
90286159,0.61859130859375,0.34808349609375,-0.61077880859375,-0.35089111328125,4235,7130,97,-1,-1,0
