subject,Two-hands and jerked
arm,neither
label,0
hz,100.17041311553639
time,4.861715

timestamp_us,q0,q1,q2,q3,ax,ay,az,gx,gy,gz
229066635,0.5799560546875,0.46307373046875,0.51702880859375,-0.42633056640625,-8236,441,397,11,0,3
229076615,0.5794677734375,0.464111328125,0.5162353515625,-0.42694091796875,-8228,413,449,12,0,4
229086599,0.578857421875,0.465087890625,0.5152587890625,-0.4278564453125,-8202,364,513,15,-1,3
229096579,0.57806396484375,0.4661865234375,0.51422119140625,-0.428955078125,-8119,317,571,17,-1,2
229106561,0.5771484375,0.46746826171875,0.5130615234375,-0.43023681640625,-8073,303,599,19,-1,2
229116545,0.576171875,0.468994140625,0.51165771484375,-0.4315185546875,-8048,337,617,21,-1,4
229126529,0.5751953125,0.470703125,0.5101318359375,-0.4327392578125,-8047,384,611,23,-1,5
229136510,0.57421875,0.47265625,0.5084228515625,-0.43389892578125,-8045,438,612,24,-1,6
229146494,0.5732421875,0.47467041015625,0.50665283203125,-0.43511962890625,-8028,472,609,24,-1,7
229156483,0.57220458984375,0.4766845703125,0.50494384765625,-0.436279296875,-7999,514,585,24,0,6
229166461,0.571044921875,0.47857666015625,0.50341796875,-0.43743896484375,-7954,563,554,24,0,4
229176449,0.56976318359375,0.4803466796875,0.50201416015625,-0.43878173828125,-7895,599,492,23,0,1
229186437,0.56829833984375,0.48199462890625,0.5008544921875,-0.44024658203125,-7869,631,434,23,1,-1
229196415,0.566650390625,0.4835205078125,0.49993896484375,-0.44171142578125,-7861,659,378,23,1,-3
229206397,0.56500244140625,0.48486328125,0.49908447265625,-0.44329833984375,-7860,667,322,22,1,-5
229216375,0.563232421875,0.48614501953125,0.49847412109375,-0.44488525390625,-7891,649,250,21,2,-6
229226359,0.5614013671875,0.48736572265625,0.49786376953125,-0.44647216796875,-7929,614,170,21,1,-6
229236340,0.5595703125,0.48846435546875,0.4974365234375,-0.44805908203125,-7937,528,105,20,2,-7
229246324,0.5576171875,0.48944091796875,0.4970703125,-0.4498291015625,-7919,427,45,20,1,-8
229256306,0.5555419921875,0.490234375,0.49688720703125,-0.45172119140625,-7899,331,-29,20,1,-11
229266293,0.55328369140625,0.4908447265625,0.496826171875,-0.453857421875,-7886,265,-82,20,0,-14
229276272,0.5509033203125,0.49139404296875,0.49688720703125,-0.45611572265625,-7900,202,-165,20,0,-15
229286260,0.54864501953125,0.491943359375,0.49688720703125,-0.4583740234375,-7969,162,-232,21,-1,-14
229296238,0.54656982421875,0.49267578125,0.49652099609375,-0.46038818359375,-8073,119,-267,21,-2,-9
229306228,0.54498291015625,0.49359130859375,0.49566650390625,-0.462158203125,-8149,72,-293,21,-4,-3
229316216,0.5438232421875,0.4949951171875,0.49420166015625,-0.463623046875,-8061,-209,-496,22,-5,7
229326196,0.54229736328125,0.4976806640625,0.4923095703125,-0.46453857421875,-7957,-736,-914,31,-5,22
229336189,0.54083251953125,0.50164794921875,0.48876953125,-0.4656982421875,-8013,-1013,-894,44,-7,32
229346174,0.53973388671875,0.50628662109375,0.483642578125,-0.46734619140625,-8030,-939,-727,53,-11,37
229356153,0.5386962890625,0.5113525390625,0.47760009765625,-0.46917724609375,-8100,-584,-624,57,-14,35
229366124,0.537353515625,0.51605224609375,0.4718017578125,-0.47149658203125,-8237,-199,-554,58,-15,25
229376108,0.535400390625,0.5198974609375,0.46661376953125,-0.47467041015625,-8375,87,-487,56,-17,12
229386091,0.532958984375,0.52294921875,0.46209716796875,-0.47845458984375,-8498,211,-386,55,-17,4
229396072,0.53033447265625,0.52557373046875,0.45770263671875,-0.48260498046875,-8649,204,-287,55,-18,3
229406057,0.52783203125,0.5284423828125,0.45306396484375,-0.4866943359375,-8876,154,-211,57,-19,8
229416041,0.5255126953125,0.5318603515625,0.44769287109375,-0.49041748046875,-9096,170,-169,60,-19,17
229426027,0.52398681640625,0.5361328125,0.44110107421875,-0.49334716796875,-9270,231,-98,62,-21,33
229436008,0.52337646484375,0.54119873046875,0.43328857421875,-0.495361328125,-9332,232,1,63,-21,48
229445996,0.5233154296875,0.546630859375,0.42462158203125,-0.49688720703125,-9271,122,130,65,-22,58
229455980,0.52325439453125,0.5523681640625,0.41552734375,-0.49835205078125,-9131,-61,239,68,-22,61
229465956,0.5225830078125,0.55841064453125,0.40631103515625,-0.49993896484375,-8957,-274,311,73,-19,60
229475941,0.521240234375,0.56475830078125,0.39697265625,-0.50164794921875,-8835,-389,328,79,-17,61
229485925,0.5194091796875,0.57183837890625,0.38726806640625,-0.50311279296875,-8717,-409,305,85,-14,63
229495909,0.517333984375,0.57965087890625,0.37689208984375,-0.5042724609375,-8549,-394,248,91,-11,70
229505891,0.51507568359375,0.58837890625,0.3656005859375,-0.50482177734375,-8310,-394,193,97,-8,79
229515878,0.5128173828125,0.59808349609375,0.35321044921875,-0.50445556640625,-7984,-448,93,104,-5,93
229525864,0.5108642578125,0.6092529296875,0.33917236328125,-0.50274658203125,-7564,-561,-58,111,0,116
229535843,0.50970458984375,0.6220703125,0.32269287109375,-0.4990234375,-7121,-816,-163,118,4,148
229545825,0.50933837890625,0.63665771484375,0.303466796875,-0.4930419921875,-6666,-1287,-219,127,9,183
229555807,0.5093994140625,0.65264892578125,0.28131103515625,-0.485107421875,-6284,-1913,-287,138,12,216
229565789,0.50927734375,0.669921875,0.25640869140625,-0.47540283203125,-5952,-2501,-489,151,15,241
229575770,0.50811767578125,0.6881103515625,0.22930908203125,-0.46441650390625,-5642,-2918,-808,165,16,254
229585764,0.50531005859375,0.7066650390625,0.20062255859375,-0.45269775390625,-5263,-3155,-1241,179,16,259
229595746,0.50067138671875,0.72540283203125,0.1702880859375,-0.44049072265625,-4810,-3186,-1780,193,13,260
229605722,0.49383544921875,0.743896484375,0.1387939453125,-0.42828369140625,-4250,-3054,-2469,206,8,253
229615706,0.4842529296875,0.76202392578125,0.1070556640625,-0.416259765625,-3511,-2697,-3424,218,4,238
229625690,0.47198486328125,0.77978515625,0.07537841796875,-0.40423583984375,-2631,-1922,-4678,228,0,219
229635672,0.457275390625,0.797119140625,0.044189453125,-0.39178466796875,-1704,-799,-6131,235,0,201
229645656,0.44073486328125,0.81378173828125,0.01361083984375,-0.3785400390625,-820,523,-7611,239,2,187
229655637,0.4227294921875,0.82952880859375,-0.01605224609375,-0.364501953125,-57,1955,-9022,240,6,174
229665621,0.4036865234375,0.84423828125,-0.04461669921875,-0.349609375,514,3255,-10179,240,11,164
229675605,0.38421630859375,0.857666015625,-0.0723876953125,-0.333984375,818,4354,-10972,239,17,163
229685586,0.36474609375,0.8695068359375,-0.0997314453125,-0.3177490234375,879,5351,-11439,237,21,164
229695570,0.3455810546875,0.87969970703125,-0.1260986328125,-0.30126953125,795,6314,-11599,232,26,159
229705553,0.32666015625,0.88848876953125,-0.14984130859375,-0.2852783203125,534,7264,-11592,225,30,138
229715536,0.30780029296875,0.8963623046875,-0.1689453125,-0.2706298828125,151,8155,-11466,214,35,99
229725518,0.289306640625,0.9036865234375,-0.1822509765625,-0.25775146484375,-256,9042,-11281,200,39,54
229735502,0.2718505859375,0.91058349609375,-0.19000244140625,-0.24652099609375,-648,10062,-11098,181,43,14
229745486,0.2568359375,0.916748046875,-0.19366455078125,-0.23663330078125,-983,11092,-10801,157,47,-11
229755464,0.24505615234375,0.9219970703125,-0.1944580078125,-0.2279052734375,-1255,11970,-10344,129,49,-24
229765449,0.23681640625,0.92633056640625,-0.19305419921875,-0.22027587890625,-1473,12584,-9731,98,51,-34
229775435,0.2320556640625,0.92974853515625,-0.18975830078125,-0.213623046875,-1678,12855,-9054,68,53,-41
229785420,0.23016357421875,0.93243408203125,-0.18524169921875,-0.20782470703125,-1874,12651,-8335,40,53,-42
229795404,0.23065185546875,0.93438720703125,-0.18048095703125,-0.20263671875,-2071,12028,-7632,17,53,-35
229805377,0.23297119140625,0.93560791015625,-0.17645263671875,-0.19793701171875,-2233,11158,-7012,0,50,-23
229815358,0.236328125,0.936279296875,-0.17315673828125,-0.1937255859375,-2306,10158,-6495,-11,46,-16
229825339,0.24005126953125,0.93670654296875,-0.1697998046875,-0.18994140625,-2295,9131,-6086,-18,42,-17
229835321,0.2437744140625,0.93707275390625,-0.165771484375,-0.18682861328125,-2265,8216,-5832,-22,38,-24
229845305,0.24725341796875,0.9375,-0.1610107421875,-0.184326171875,-2291,7491,-5665,-24,35,-30
229855293,0.25054931640625,0.9378662109375,-0.15570068359375,-0.1824951171875,-2393,6962,-5554,-24,31,-35
229865271,0.25347900390625,0.93829345703125,-0.149658203125,-0.18133544921875,-2515,6600,-5518,-23,28,-43
229875258,0.2559814453125,0.9388427734375,-0.1424560546875,-0.18072509765625,-2609,6411,-5538,-22,26,-54
229885239,0.25823974609375,0.939453125,-0.13421630859375,-0.18060302734375,-2614,6364,-5614,-21,24,-64
229895228,0.26043701171875,0.94012451171875,-0.125244140625,-0.18072509765625,-2574,6360,-5699,-22,23,-69
229905212,0.2626953125,0.940673828125,-0.11602783203125,-0.18060302734375,-2439,6381,-5829,-24,24,-70
229915194,0.26544189453125,0.9410400390625,-0.10693359375,-0.18017578125,-2342,6384,-5932,-28,25,-69
229925187,0.26849365234375,0.94134521484375,-0.09735107421875,-0.1796875,-2324,6364,-5967,-32,28,-72
229935174,0.2718505859375,0.94146728515625,-0.0865478515625,-0.1793212890625,-2398,6299,-5929,-36,30,-84
229945153,0.27520751953125,0.94158935546875,-0.07342529296875,-0.1795654296875,-2551,6237,-5855,-40,32,-105
229955123,0.27838134765625,0.94158935546875,-0.0570068359375,-0.1806640625,-2690,6199,-5762,-44,33,-133
229965106,0.28118896484375,0.94134521484375,-0.0369873046875,-0.1826171875,-2794,6115,-5742,-48,34,-164
229975090,0.283447265625,0.94073486328125,-0.0130615234375,-0.1854248046875,-2859,5929,-5722,-52,35,-198
229985071,0.284912109375,0.9395751953125,0.01519775390625,-0.18914794921875,-2926,5668,-5697,-55,37,-235
229995057,0.2855224609375,0.93731689453125,0.04791259765625,-0.19384765625,-3045,5438,-5685,-58,38,-273
230005042,0.28521728515625,0.93359375,0.0849609375,-0.199462890625,-3174,5290,-5744,-61,39,-311
230015024,0.28411865234375,0.927734375,0.1265869140625,-0.20599365234375,-3349,5281,-5865,-67,38,-353
230025008,0.2822265625,0.91900634765625,0.17315673828125,-0.2137451171875,-3564,5320,-6088,-75,36,-401
230034995,0.2794189453125,0.9063720703125,0.22503662109375,-0.22283935546875,-3774,5298,-6355,-85,30,-452
230044981,0.2755126953125,0.88873291015625,0.281982421875,-0.2337646484375,-3950,5084,-6552,-95,18,-507
230054957,0.27020263671875,0.864990234375,0.34332275390625,-0.24664306640625,-4040,4774,-6673,-102,4,-559
230064933,0.2633056640625,0.83465576171875,0.4073486328125,-0.2608642578125,-4170,4387,-6835,-107,-9,-601
230074916,0.2550048828125,0.7982177734375,0.4710693359375,-0.275390625,-4291,3943,-7056,-107,-22,-612
230084899,0.24713134765625,0.7589111328125,0.52874755859375,-0.28863525390625,-4315,3457,-7194,-107,-37,-565
230094880,0.241943359375,0.72186279296875,0.57513427734375,-0.2991943359375,-4357,2844,-7388,-104,-50,-459
230104863,0.24072265625,0.69012451171875,0.60955810546875,-0.30682373046875,-4396,2050,-7596,-102,-62,-350
230114850,0.2412109375,0.661865234375,0.63690185546875,-0.31317138671875,-4392,1189,-7688,-94,-68,-299
230124832,0.24102783203125,0.6334228515625,0.66192626953125,-0.320068359375,-4327,314,-7535,-83,-71,-298
230134815,0.2391357421875,0.603515625,0.6861572265625,-0.32806396484375,-4174,-569,-7305,-70,-71,-307
230144797,0.2352294921875,0.57257080078125,0.70941162109375,-0.33685302734375,-3975,-1462,-7127,-56,-68,-311
230154784,0.22943115234375,0.54156494140625,0.73101806640625,-0.3458251953125,-3786,-2287,-6990,-43,-61,-304
230164770,0.2222900390625,0.511962890625,0.75018310546875,-0.3544921875,-3612,-2873,-6836,-28,-51,-284
230174755,0.214599609375,0.48565673828125,0.76611328125,-0.36212158203125,-3457,-3178,-6649,-16,-39,-248
230184739,0.20703125,0.4637451171875,0.77874755859375,-0.3682861328125,-3312,-3301,-6405,-7,-26,-205
230194714,0.19989013671875,0.4464111328125,0.78839111328125,-0.37298583984375,-3196,-3336,-6075,-1,-12,-163
230204704,0.19305419921875,0.43341064453125,0.7957763671875,-0.37628173828125,-3136,-3290,-5711,3,2,-126
230214682,0.18609619140625,0.4237060546875,0.8016357421875,-0.37835693359375,-3130,-3174,-5380,5,17,-102
230224664,0.17852783203125,0.41607666015625,0.806884765625,-0.37933349609375,-3212,-3030,-5091,6,31,-91
230234645,0.1702880859375,0.4095458984375,0.81182861328125,-0.379638671875,-3337,-2912,-4826,6,42,-86
230244629,0.161376953125,0.40374755859375,0.81671142578125,-0.3792724609375,-3504,-2812,-4590,4,52,-84
230254612,0.15191650390625,0.3985595703125,0.82159423828125,-0.378173828125,-3695,-2716,-4441,2,60,-81
230264596,0.1424560546875,0.39410400390625,0.82623291015625,-0.3763427734375,-3924,-2611,-4367,-1,66,-75
230274576,0.13330078125,0.390625,0.83062744140625,-0.37371826171875,-4270,-2475,-4394,-4,69,-66
230284558,0.1248779296875,0.38800048828125,0.8345947265625,-0.3704833984375,-4753,-2346,-4448,-8,70,-59
230294542,0.117431640625,0.38568115234375,0.83831787109375,-0.366943359375,-5333,-2236,-4538,-12,67,-56
230304524,0.111083984375,0.38336181640625,0.84185791015625,-0.3631591796875,-5931,-2200,-4692,-16,60,-54
230314509,0.10614013671875,0.380615234375,0.8453369140625,-0.3594970703125,-6492,-2219,-4868,-19,50,-53
230324495,0.10284423828125,0.37762451171875,0.84857177734375,-0.35595703125,-7058,-2268,-5081,-23,38,-51
230334478,0.1015625,0.37432861328125,0.85162353515625,-0.35247802734375,-7634,-2327,-5293,-29,24,-47
230344463,0.1024169921875,0.37060546875,0.85455322265625,-0.34912109375,-8123,-2367,-5494,-34,9,-45
230354449,0.1051025390625,0.36578369140625,0.85760498046875,-0.3458251953125,-8514,-2375,-5712,-41,-8,-50
230364430,0.1094970703125,0.3594970703125,0.86102294921875,-0.34246826171875,-8757,-2410,-6046,-47,-24,-56
230374413,0.115478515625,0.35198974609375,0.86468505859375,-0.33917236328125,-8882,-2537,-6502,-53,-40,-59
230384395,0.12310791015625,0.34375,0.8681640625,-0.3359375,-8913,-2745,-7028,-57,-56,-56
230394373,0.13238525390625,0.3355712890625,0.8712158203125,-0.33282470703125,-8878,-2953,-7492,-59,-71,-47
230404357,0.1436767578125,0.32806396484375,0.87347412109375,-0.3297119140625,-8850,-3085,-7757,-63,-84,-33
230414341,0.15716552734375,0.32183837890625,0.87469482421875,-0.326416015625,-8951,-3140,-7876,-66,-96,-13
230424323,0.17303466796875,0.3177490234375,0.87457275390625,-0.32275390625,-9091,-3242,-7963,-69,-108,14
230434302,0.19097900390625,0.31573486328125,0.87298583984375,-0.31890869140625,-9130,-3499,-8059,-70,-120,39
230444293,0.21044921875,0.3154296875,0.8699951171875,-0.31512451171875,-9012,-3807,-8159,-69,-130,62
230454272,0.23101806640625,0.3162841796875,0.8658447265625,-0.3111572265625,-8761,-4007,-8236,-69,-141,77
230464256,0.25238037109375,0.3172607421875,0.8609619140625,-0.30712890625,-8636,-3970,-8365,-69,-149,79
230474243,0.274658203125,0.3175048828125,0.8555908203125,-0.30279541015625,-8755,-3777,-8540,-72,-159,76
230484226,0.29766845703125,0.3162841796875,0.849853515625,-0.29840087890625,-8903,-3501,-8715,-77,-169,65
230494209,0.320556640625,0.3121337890625,0.84442138671875,-0.29443359375,-9059,-3128,-8884,-80,-178,38
230504189,0.34283447265625,0.3038330078125,0.8397216796875,-0.29150390625,-9158,-2913,-9121,-83,-186,1
230514181,0.364013671875,0.2911376953125,0.83563232421875,-0.29034423828125,-9201,-2961,-9342,-82,-196,-35
230524162,0.38446044921875,0.27532958984375,0.8316650390625,-0.291015625,-8998,-3059,-9446,-78,-206,-55
230534140,0.4049072265625,0.258544921875,0.8267822265625,-0.29241943359375,-8461,-3233,-9482,-74,-215,-58
230544117,0.4244384765625,0.23992919921875,0.8216552734375,-0.295166015625,-7766,-3309,-9537,-68,-220,-81
230554099,0.442138671875,0.21820068359375,0.816650390625,-0.2999267578125,-7067,-3325,-9635,-60,-222,-114
230564081,0.45782470703125,0.19403076171875,0.81158447265625,-0.306640625,-6349,-3578,-9564,-51,-220,-138
230574071,0.471923828125,0.16912841796875,0.80584716796875,-0.3150634765625,-5612,-4214,-9204,-39,-214,-141
230584054,0.48486328125,0.1458740234375,0.7989501953125,-0.324462890625,-4775,-5069,-8565,-23,-205,-124
230594036,0.4969482421875,0.1259765625,0.7908935546875,-0.33404541015625,-4014,-5923,-7684,-6,-191,-96
230604024,0.50836181640625,0.11016845703125,0.781982421875,-0.34332275390625,-3400,-6635,-6631,10,-173,-68
230614004,0.51910400390625,0.09814453125,0.7724609375,-0.35235595703125,-2953,-7170,-5536,26,-156,-45
230623992,0.5289306640625,0.08917236328125,0.7625732421875,-0.36151123046875,-2735,-7546,-4496,41,-140,-31
230633976,0.53778076171875,0.0826416015625,0.75244140625,-0.37103271484375,-2749,-7727,-3602,54,-126,-23
230643953,0.54559326171875,0.07794189453125,0.7423095703125,-0.3809814453125,-2970,-7600,-2908,66,-113,-23
230653935,0.55224609375,0.0743408203125,0.7322998046875,-0.39141845703125,-3311,-7139,-2396,75,-103,-29
230663919,0.557861328125,0.0714111328125,0.722412109375,-0.4022216796875,-3798,-6427,-2019,81,-95,-36
230673902,0.56292724609375,0.06915283203125,0.71258544921875,-0.41290283203125,-4431,-5636,-1727,83,-90,-38
230683884,0.56787109375,0.0675048828125,0.70281982421875,-0.42303466796875,-5112,-5022,-1504,83,-88,-36
230693868,0.57293701171875,0.0662841796875,0.69293212890625,-0.43255615234375,-5760,-4734,-1292,82,-88,-30
230703853,0.578369140625,0.0654296875,0.682861328125,-0.44146728515625,-6355,-4741,-1114,81,-91,-22
230713838,0.584228515625,0.0650634765625,0.67230224609375,-0.44989013671875,-6880,-4989,-930,83,-95,-13
230723820,0.5906982421875,0.0650634765625,0.6611328125,-0.4578857421875,-7389,-5254,-751,85,-100,-6
230733803,0.5977783203125,0.0650634765625,0.649169921875,-0.46575927734375,-7830,-5478,-593,88,-108,-4
230743787,0.60504150390625,0.06439208984375,0.63641357421875,-0.47406005859375,-8261,-5557,-470,90,-117,-12
230753766,0.61224365234375,0.06280517578125,0.622802734375,-0.4830322265625,-8624,-5412,-346,92,-126,-23
230763759,0.61932373046875,0.060302734375,0.60833740234375,-0.4925537109375,-8953,-5241,-229,94,-135,-33
230773741,0.6258544921875,0.05645751953125,0.5931396484375,-0.503173828125,-9081,-5143,-129,97,-143,-48
230783719,0.6319580078125,0.0518798828125,0.5771484375,-0.5146484375,-8977,-5140,-43,102,-148,-53
230793702,0.6378173828125,0.04742431640625,0.5601806640625,-0.52630615234375,-8748,-5231,38,109,-151,-51
230803686,0.64373779296875,0.0435791015625,0.54241943359375,-0.53802490234375,-8406,-5404,136,118,-153,-44
230813667,0.64984130859375,0.04095458984375,0.523681640625,-0.54925537109375,-8048,-5615,285,127,-153,-32
230823651,0.65667724609375,0.0400390625,0.5040283203125,-0.5595703125,-7732,-5697,427,137,-152,-14
230833636,0.664306640625,0.041015625,0.48333740234375,-0.56866455078125,-7396,-5625,541,146,-153,2
230843613,0.6722412109375,0.04315185546875,0.461669921875,-0.57708740234375,-6966,-5512,601,155,-154,11
230853597,0.67999267578125,0.0458984375,0.43902587890625,-0.58538818359375,-6440,-5378,604,163,-156,12
230863579,0.68731689453125,0.049072265625,0.41534423828125,-0.59381103515625,-5841,-5101,604,172,-157,12
230873562,0.6943359375,0.052978515625,0.39056396484375,-0.60211181640625,-5275,-4743,635,179,-157,14
230883546,0.7012939453125,0.05767822265625,0.3648681640625,-0.60968017578125,-4683,-4533,748,185,-157,23
230893528,0.70831298828125,0.0631103515625,0.33843994140625,-0.6162109375,-4134,-4386,797,191,-154,34
230903512,0.71563720703125,0.069580078125,0.31146240234375,-0.62127685546875,-3563,-4197,816,196,-152,48
230913496,0.72314453125,0.07720947265625,0.2835693359375,-0.62506103515625,-3056,-3785,925,202,-150,58
230923478,0.73028564453125,0.08587646484375,0.25482177734375,-0.6279296875,-2544,-3152,1071,207,-147,60
230933461,0.736328125,0.094970703125,0.2254638671875,-0.63079833984375,-1980,-2349,1243,209,-143,51
230943449,0.740478515625,0.10430908203125,0.1959228515625,-0.63433837890625,-1385,-1574,1445,210,-136,36
230953433,0.74273681640625,0.1138916015625,0.166748046875,-0.63836669921875,-762,-844,1628,211,-128,23
230963416,0.74322509765625,0.12371826171875,0.1380615234375,-0.642822265625,-17,-274,1734,211,-117,10
230973399,0.74200439453125,0.13409423828125,0.1102294921875,-0.64752197265625,639,249,1822,211,-105,0
230983377,0.73968505859375,0.1453857421875,0.08331298828125,-0.6517333984375,1183,725,1881,212,-91,-1
230993362,0.7369384765625,0.1578369140625,0.057373046875,-0.65478515625,1697,1131,1943,212,-77,3
231003343,0.734130859375,0.17120361328125,0.0322265625,-0.65625,2333,1374,2025,213,-62,11
231013326,0.7310791015625,0.18548583984375,0.008056640625,-0.65655517578125,3026,1546,2102,216,-45,13
231023308,0.7271728515625,0.20135498046875,-0.0147705078125,-0.65606689453125,3653,1730,2119,219,-25,8
231033295,0.7220458984375,0.2191162109375,-0.035888671875,-0.6552734375,4137,1963,2033,223,-3,-3
231043271,0.7149658203125,0.23931884765625,-0.054931640625,-0.65460205078125,4412,2410,1882,228,21,-22
231053256,0.70526123046875,0.2623291015625,-0.07159423828125,-0.6546630859375,4433,3358,1608,230,44,-51
231063242,0.6932373046875,0.28802490234375,-0.0858154296875,-0.655029296875,4490,4422,1345,228,68,-71
231073224,0.68048095703125,0.31494140625,-0.09759521484375,-0.65435791015625,4595,5377,1236,223,92,-74
231083206,0.66802978515625,0.3431396484375,-0.10699462890625,-0.65155029296875,4464,6531,1125,215,117,-68
231093188,0.6566162109375,0.3721923828125,-0.11395263671875,-0.64599609375,4072,7769,1073,201,139,-55
231103180,0.646484375,0.40142822265625,-0.11810302734375,-0.63800048828125,3483,8860,1083,184,160,-45
231113165,0.63702392578125,0.43023681640625,-0.11883544921875,-0.62841796875,2817,9536,1082,165,178,-46
231123144,0.62750244140625,0.45831298828125,-0.1156005859375,-0.61871337890625,2168,9682,1029,146,194,-61
231133123,0.6168212890625,0.4859619140625,-0.107666015625,-0.6097412109375,1502,9513,870,128,209,-89
231143106,0.604248046875,0.51336669921875,-0.0948486328125,-0.6019287109375,882,9216,609,111,224,-122
231153088,0.59014892578125,0.54022216796875,-0.07757568359375,-0.59478759765625,325,8712,233,93,238,-148
231163072,0.57513427734375,0.566650390625,-0.05645751953125,-0.5872802734375,-222,8236,-258,78,254,-162
231173054,0.55999755859375,0.59259033203125,-0.032470703125,-0.57806396484375,-785,7874,-861,62,270,-164
231183038,0.54547119140625,0.61767578125,-0.0064697265625,-0.56646728515625,-1186,7382,-1574,46,284,-158
231193021,0.53179931640625,0.64178466796875,0.02099609375,-0.5521240234375,-1351,6770,-2374,31,298,-148
231203004,0.51873779296875,0.66510009765625,0.04949951171875,-0.53485107421875,-1378,6032,-3296,19,311,-137
231212993,0.50579833984375,0.6878662109375,0.07879638671875,-0.51458740234375,-1427,5311,-4374,11,323,-126
231222974,0.492431640625,0.71014404296875,0.10858154296875,-0.49127197265625,-1704,4694,-5709,6,336,-117
231232952,0.47772216796875,0.73193359375,0.13922119140625,-0.46539306640625,-2302,4068,-7326,2,345,-117
231242933,0.4609375,0.7525634765625,0.17138671875,-0.43792724609375,-3089,3428,-8886,-1,353,-125
231252913,0.442626953125,0.771240234375,0.20452880859375,-0.4090576171875,-3861,2821,-10203,-5,360,-128
231262897,0.42388916015625,0.78790283203125,0.23724365234375,-0.37841796875,-4682,2393,-11236,-10,364,-119
231272880,0.4053955078125,0.80255126953125,0.26812744140625,-0.3458251953125,-5506,2183,-12128,-16,367,-101
231282862,0.38763427734375,0.81549072265625,0.296142578125,-0.31134033203125,-6310,2080,-12949,-21,366,-77
231292845,0.3704833984375,0.8267822265625,0.3211669921875,-0.27557373046875,-6918,1859,-13733,-25,362,-54
231302827,0.35345458984375,0.83648681640625,0.3436279296875,-0.23919677734375,-7361,1509,-14397,-28,357,-41
231312813,0.3363037109375,0.8438720703125,0.364990234375,-0.20361328125,-7818,1048,-14924,-31,349,-44
231322796,0.31890869140625,0.8486328125,0.38623046875,-0.1697998046875,-8244,457,-15312,-32,338,-55
231332775,0.30145263671875,0.8507080078125,0.4075927734375,-0.13861083984375,-8710,-465,-15197,-33,324,-69
231342766,0.28411865234375,0.8507080078125,0.4281005859375,-0.11041259765625,-8969,-1404,-14725,-29,306,-72
231352752,0.2672119140625,0.849365234375,0.44708251953125,-0.084716796875,-9046,-1899,-14205,-24,286,-73
231362735,0.25128173828125,0.84661865234375,0.46502685546875,-0.0614013671875,-9112,-1850,-13735,-19,265,-81
231372712,0.23687744140625,0.8421630859375,0.4825439453125,-0.04058837890625,-9186,-1531,-13238,-19,244,-91
231382693,0.224365234375,0.8365478515625,0.499267578125,-0.02215576171875,-9248,-1232,-12636,-22,221,-94
231392676,0.21392822265625,0.83001708984375,0.51495361328125,-0.0064697265625,-9458,-985,-11875,-25,195,-95
231402660,0.20599365234375,0.822265625,0.53033447265625,0.006103515625,-9851,-707,-10970,-27,168,-105
231412642,0.20074462890625,0.81317138671875,0.5460205078125,0.01556396484375,-10239,-434,-10142,-31,140,-118
231422626,0.19793701171875,0.802978515625,0.56158447265625,0.0220947265625,-10472,-183,-9600,-36,110,-126
231432607,0.19769287109375,0.7923583984375,0.576416015625,0.02606201171875,-10499,3,-9341,-42,78,-126
231442592,0.199462890625,0.781494140625,0.59039306640625,0.02734375,-10361,87,-9179,-44,48,-129
231452574,0.203125,0.769775390625,0.6044921875,0.02593994140625,-10146,175,-9014,-43,20,-142
231462556,0.20843505859375,0.7567138671875,0.61920166015625,0.02154541015625,-10034,313,-8924,-39,-7,-157
231472542,0.21533203125,0.74285888671875,0.63360595703125,0.01446533203125,-10012,491,-8893,-36,-32,-163
231482521,0.223876953125,0.728515625,0.6473388671875,0.0048828125,-10100,705,-8953,-33,-56,-165
231492506,0.2337646484375,0.71337890625,0.66046142578125,-0.00689697265625,-10148,1025,-9113,-30,-79,-172
231502488,0.244873046875,0.697021484375,0.673583984375,-0.0206298828125,-10044,1443,-9328,-26,-99,-186
231512471,0.2567138671875,0.67926025390625,0.6865234375,-0.0360107421875,-9802,1863,-9548,-22,-118,-196
231522454,0.26904296875,0.66070556640625,0.69866943359375,-0.05267333984375,-9522,2240,-9733,-18,-133,-200
231532437,0.2818603515625,0.641845703125,0.7095947265625,-0.0703125,-9376,2580,-9860,-14,-146,-197
231542427,0.2952880859375,0.62255859375,0.71917724609375,-0.0887451171875,-9431,2866,-9901,-11,-158,-196
231552411,0.309326171875,0.60272216796875,0.7275390625,-0.108154296875,-9678,3102,-9909,-9,-169,-197
231562394,0.3238525390625,0.58209228515625,0.73468017578125,-0.128173828125,-10042,3400,-9906,-7,-180,-198
231572370,0.3389892578125,0.56097412109375,0.74041748046875,-0.14849853515625,-10446,3699,-9940,-6,-190,-195
231582354,0.35479736328125,0.53997802734375,0.74432373046875,-0.168701171875,-10817,3987,-9994,-7,-202,-186
231592339,0.371337890625,0.51971435546875,0.74591064453125,-0.18841552734375,-11043,4204,-9973,-7,-212,-170
231602320,0.3885498046875,0.5003662109375,0.745361328125,-0.20745849609375,-10996,4273,-9826,-7,-221,-154
231612303,0.40606689453125,0.48175048828125,0.74285888671875,-0.2259521484375,-10684,4143,-9529,-7,-229,-139
231622293,0.42376708984375,0.4644775390625,0.7384033203125,-0.2435302734375,-10193,3917,-9126,-6,-232,-118
231632270,0.44171142578125,0.44891357421875,0.7320556640625,-0.2596435546875,-9502,3842,-8494,-7,-233,-96
231642256,0.45989990234375,0.43487548828125,0.72406005859375,-0.27392578125,-8968,3783,-7766,-10,-228,-76
231652240,0.4779052734375,0.42144775390625,0.71514892578125,-0.28704833984375,-8487,3613,-6983,-12,-224,-69
231662223,0.49530029296875,0.40802001953125,0.70587158203125,-0.2996826171875,-7960,3229,-6304,-13,-220,-65
231672207,0.511474609375,0.39459228515625,0.69659423828125,-0.31207275390625,-7380,2708,-5683,-12,-213,-64
231682186,0.5264892578125,0.381103515625,0.68719482421875,-0.3243408203125,-6798,2187,-5090,-9,-206,-65
231692178,0.540283203125,0.36785888671875,0.6778564453125,-0.33648681640625,-6243,1645,-4488,-5,-197,-64
231702159,0.552978515625,0.3553466796875,0.6683349609375,-0.34814453125,-5825,1131,-3840,-1,-187,-57
231712141,0.5648193359375,0.34405517578125,0.6585693359375,-0.35894775390625,-5472,746,-3213,2,-175,-47
231722115,0.57568359375,0.333740234375,0.64886474609375,-0.368896484375,-5168,502,-2646,4,-162,-43
231732099,0.5850830078125,0.3240966796875,0.63983154296875,-0.37835693359375,-4926,389,-2105,7,-147,-46
231742081,0.59283447265625,0.31488037109375,0.6317138671875,-0.3875732421875,-4672,350,-1556,10,-130,-51
231752064,0.59906005859375,0.3067626953125,0.6243896484375,-0.39630126953125,-4534,255,-965,13,-111,-47
231762051,0.6043701171875,0.30078125,0.6175537109375,-0.403564453125,-4548,113,-413,17,-92,-28
231772031,0.6092529296875,0.297607421875,0.61090087890625,-0.40863037109375,-4654,65,58,20,-73,-6
231782013,0.613525390625,0.29638671875,0.60479736328125,-0.4122314453125,-4871,124,520,21,-57,3
231791995,0.61663818359375,0.29595947265625,0.59954833984375,-0.41546630859375,-5175,143,943,22,-43,-1
231801978,0.61871337890625,0.295654296875,0.59527587890625,-0.41876220703125,-5506,91,1271,23,-33,-6
231811961,0.619873046875,0.2957763671875,0.591796875,-0.421875,-5908,41,1492,23,-24,-6
231821945,0.620849609375,0.2967529296875,0.58868408203125,-0.42413330078125,-6367,29,1636,23,-17,2
231831923,0.62200927734375,0.29888916015625,0.58563232421875,-0.425048828125,-6833,-70,1681,21,-13,17
231841907,0.6236572265625,0.30194091796875,0.58258056640625,-0.4248046875,-7258,-156,1674,20,-10,29
231851890,0.62554931640625,0.305419921875,0.57952880859375,-0.42364501953125,-7614,-152,1600,17,-9,35
231861878,0.62750244140625,0.3089599609375,0.57666015625,-0.422119140625,-7867,-52,1494,14,-8,33
231871855,0.62908935546875,0.31170654296875,0.57440185546875,-0.42083740234375,-8085,103,1392,10,-7,23
231881837,0.6302490234375,0.3133544921875,0.57269287109375,-0.420166015625,-8347,331,1340,6,-8,10
231891825,0.6309814453125,0.31365966796875,0.5716552734375,-0.420166015625,-8588,566,1313,1,-10,-5
231901803,0.631591796875,0.31256103515625,0.5711669921875,-0.4208984375,-8781,803,1282,-5,-13,-17
231911784,0.63232421875,0.310546875,0.57080078125,-0.4217529296875,-8924,880,1268,-10,-17,-19
231921773,0.63372802734375,0.30810546875,0.57025146484375,-0.422119140625,-8921,787,1205,-15,-22,-12
231931755,0.635986328125,0.3056640625,0.56939697265625,-0.421630859375,-8862,601,1103,-19,-26,-1
231941743,0.6390380859375,0.30340576171875,0.5682373046875,-0.42022705078125,-8737,381,1037,-24,-28,10
231951719,0.6429443359375,0.30120849609375,0.566650390625,-0.41802978515625,-8559,253,1039,-28,-32,18
231961701,0.6474609375,0.298828125,0.5648193359375,-0.4151611328125,-8389,224,1072,-33,-34,22
231971685,0.65234375,0.2958984375,0.56304931640625,-0.4119873046875,-8314,335,1002,-39,-37,19
231981667,0.6571044921875,0.29205322265625,0.56170654296875,-0.4090576171875,-8364,694,902,-44,-40,6
231991655,0.66168212890625,0.28692626953125,0.56085205078125,-0.406494140625,-8499,1127,802,-51,-43,-7
232001635,0.66632080078125,0.28045654296875,0.560302734375,-0.40423583984375,-8534,1442,707,-59,-48,-15
232011617,0.6710205078125,0.27276611328125,0.55999755859375,-0.402099609375,-8446,1558,626,-65,-51,-19
232021601,0.67584228515625,0.26422119140625,0.55987548828125,-0.39984130859375,-8200,1505,565,-71,-52,-20
232031582,0.6806640625,0.2550048828125,0.56005859375,-0.3973388671875,-7893,1369,512,-76,-52,-20
232041567,0.68548583984375,0.24560546875,0.560546875,-0.39434814453125,-7581,1166,448,-80,-49,-18
232051550,0.69012451171875,0.23602294921875,0.56146240234375,-0.39080810546875,-7214,837,340,-84,-45,-14
232061533,0.694580078125,0.2265625,0.56280517578125,-0.386474609375,-6832,390,218,-87,-40,-7
232071522,0.698974609375,0.21759033203125,0.56463623046875,-0.381103515625,-6418,-124,22,-89,-34,4
232081500,0.70330810546875,0.20953369140625,0.5667724609375,-0.3743896484375,-6037,-598,-218,-90,-28,17
232091482,0.70745849609375,0.20263671875,0.56927490234375,-0.36639404296875,-5778,-936,-497,-90,-20,29
232101465,0.7113037109375,0.19671630859375,0.57232666015625,-0.35736083984375,-5653,-1232,-827,-89,-13,37
232111449,0.71453857421875,0.19146728515625,0.575927734375,-0.34783935546875,-5528,-1628,-1144,-88,-5,41
232121433,0.7171630859375,0.18670654296875,0.580078125,-0.3380126953125,-5348,-2212,-1445,-85,2,47
232131421,0.71917724609375,0.18267822265625,0.5845947265625,-0.328125,-5048,-2978,-1704,-80,9,54
232141404,0.7205810546875,0.1796875,0.58929443359375,-0.31805419921875,-4660,-3910,-1890,-73,17,64
232151381,0.72149658203125,0.1783447265625,0.59405517578125,-0.3076171875,-4300,-4848,-1998,-62,25,79
232161364,0.7220458984375,0.1793212890625,0.5986328125,-0.29669189453125,-4058,-5686,-2008,-49,34,96
232171350,0.72198486328125,0.18255615234375,0.60308837890625,-0.28570556640625,-3878,-6409,-1913,-34,42,106
232181332,0.72088623046875,0.18756103515625,0.607421875,-0.27587890625,-3775,-7069,-1750,-16,51,105
232193995,0.71844482421875,0.19415283203125,0.6116943359375,-0.26800537109375,-3728,-7662,-1561,6,59,99
232201298,0.71466064453125,0.20245361328125,0.6158447265625,-0.2625732421875,-3749,-8205,-1354,30,66,93
232211281,0.70947265625,0.2130126953125,0.61956787109375,-0.25946044921875,-3950,-8510,-1165,60,71,90
232221264,0.7030029296875,0.22607421875,0.62255859375,-0.25885009765625,-4295,-8568,-966,90,75,83
232231246,0.69500732421875,0.24102783203125,0.6248779296875,-0.26129150390625,-4588,-8530,-857,120,77,70
232241236,0.6851806640625,0.25750732421875,0.62664794921875,-0.26727294921875,-4855,-8333,-861,151,79,53
232251221,0.67352294921875,0.27581787109375,0.62762451171875,-0.276123046875,-5466,-7513,-1137,179,80,41
232261208,0.6605224609375,0.2967529296875,0.62744140625,-0.28619384765625,-6457,-5964,-1613,203,78,35
232271187,0.64654541015625,0.3192138671875,0.62579345703125,-0.29730224609375,-7621,-4123,-2161,219,72,26
232281178,0.6319580078125,0.34185791015625,0.622802734375,-0.3094482421875,-8711,-2267,-2667,229,65,14
232291162,0.61676025390625,0.36376953125,0.61883544921875,-0.32281494140625,-9694,-474,-3142,235,57,-1
232301127,0.60125732421875,0.3848876953125,0.61395263671875,-0.33673095703125,-10728,1184,-3650,236,50,-10
232311111,0.5860595703125,0.405517578125,0.60784912109375,-0.35003662109375,-11803,2687,-4193,233,41,-4
232321099,0.572265625,0.42633056640625,0.59991455078125,-0.361572265625,-12726,4092,-4635,224,30,13
232331082,0.5604248046875,0.44671630859375,0.5902099609375,-0.37139892578125,-13293,5298,-4903,212,18,25
232341065,0.54998779296875,0.46551513671875,0.57958984375,-0.38055419921875,-13547,6200,-5071,199,6,24
232351051,0.54058837890625,0.4820556640625,0.56884765625,-0.38946533203125,-13577,7047,-5201,185,-6,17
232361028,0.53240966796875,0.49627685546875,0.5582275390625,-0.398193359375,-13447,7843,-5261,168,-16,7
232371010,0.52557373046875,0.50836181640625,0.5478515625,-0.40631103515625,-13141,8434,-5207,149,-25,5
232380996,0.52056884765625,0.51873779296875,0.5374755859375,-0.4134521484375,-12661,8796,-4951,130,-33,9
232390982,0.51727294921875,0.52728271484375,0.52740478515625,-0.419677734375,-11980,8882,-4520,110,-38,10
232400959,0.51513671875,0.53375244140625,0.518310546875,-0.42547607421875,-11171,8813,-3967,91,-40,2
232410939,0.51348876953125,0.53790283203125,0.5108642578125,-0.43121337890625,-10333,8599,-3368,73,-40,-13
232420919,0.511962890625,0.5399169921875,0.50531005859375,-0.43701171875,-9486,8194,-2731,57,-38,-27
232430903,0.51055908203125,0.5400390625,0.50152587890625,-0.44281005859375,-8695,7650,-2051,42,-34,-37
232440887,0.50982666015625,0.5391845703125,0.498779296875,-0.44781494140625,-7984,7016,-1357,29,-31,-34
232450868,0.5101318359375,0.53814697265625,0.4962158203125,-0.45147705078125,-7338,6322,-697,17,-26,-20
232460850,0.51153564453125,0.5374755859375,0.49365234375,-0.4534912109375,-6774,5686,-117,7,-20,-5
232470837,0.51373291015625,0.5372314453125,0.4913330078125,-0.4539794921875,-6339,5117,367,-1,-13,4
232480813,0.51617431640625,0.53680419921875,0.4896240234375,-0.45343017578125,-6029,4570,802,-9,-7,6
232490802,0.5186767578125,0.5361328125,0.48883056640625,-0.4522705078125,-5848,4024,1223,-16,0,5
232500784,0.5211181640625,0.53497314453125,0.4888916015625,-0.45074462890625,-5726,3419,1640,-22,5,4
232510773,0.5235595703125,0.53363037109375,0.489501953125,-0.44879150390625,-5672,2825,2035,-26,10,7
232520756,0.52618408203125,0.532470703125,0.49029541015625,-0.4462890625,-5714,2330,2396,-29,13,11
232530735,0.5289306640625,0.53143310546875,0.49102783203125,-0.443359375,-5847,1929,2667,-30,16,16
232540713,0.53179931640625,0.5306396484375,0.49176025390625,-0.44012451171875,-6053,1651,2842,-30,17,18
232550697,0.5345458984375,0.52978515625,0.49261474609375,-0.43682861328125,-6331,1452,2894,-31,17,16
232560679,0.5369873046875,0.52874755859375,0.49383544921875,-0.4337158203125,-6604,1310,2815,-31,17,11
232570662,0.5389404296875,0.52728271484375,0.49554443359375,-0.43109130859375,-6848,1208,2675,-30,16,4
232580648,0.54058837890625,0.52557373046875,0.49755859375,-0.42889404296875,-7069,1226,2518,-30,15,-2
232590626,0.5421142578125,0.52374267578125,0.4996337890625,-0.4267578125,-7307,1423,2327,-30,14,-5
232600609,0.54376220703125,0.521728515625,0.50177001953125,-0.424560546875,-7573,1778,2115,-33,13,-8
232610592,0.54583740234375,0.5194091796875,0.50421142578125,-0.421875,-7837,2269,1891,-39,12,-9
232620576,0.54864501953125,0.516845703125,0.5067138671875,-0.41839599609375,-8149,2947,1638,-48,11,-7
232630567,0.5528564453125,0.5140380859375,0.509033203125,-0.41339111328125,-8612,3855,1328,-62,8,1
232640545,0.5587158203125,0.5108642578125,0.5113525390625,-0.40655517578125,-9162,4797,926,-79,5,9
232650529,0.566162109375,0.50677490234375,0.51397705078125,-0.39794921875,-9708,5590,440,-99,2,14
232660513,0.57501220703125,0.5013427734375,0.51715087890625,-0.38787841796875,-10207,6162,-107,-120,-3,17
232670494,0.58502197265625,0.4942626953125,0.52105712890625,-0.3765869140625,-10653,6625,-711,-140,-8,17
232680477,0.5960693359375,0.4854736328125,0.525634765625,-0.3642578125,-11023,6933,-1357,-161,-13,15
232690460,0.60784912109375,0.4747314453125,0.5308837890625,-0.35101318359375,-11235,7045,-2018,-179,-19,11
232700449,0.61981201171875,0.46160888671875,0.5372314453125,-0.337646484375,-11209,6928,-2671,-196,-23,-3
232710431,0.63140869140625,0.4454345703125,0.54510498046875,-0.3250732421875,-10930,6594,-3243,-210,-27,-27
232720414,0.64208984375,0.4261474609375,0.55450439453125,-0.31396484375,-10533,6155,-3757,-221,-31,-54
232730397,0.652099609375,0.404296875,0.56475830078125,-0.3038330078125,-10154,5641,-4222,-229,-35,-70
232740374,0.66168212890625,0.3812255859375,0.574951171875,-0.29364013671875,-9782,5006,-4662,-234,-38,-71
232750357,0.671142578125,0.35784912109375,0.58441162109375,-0.28265380859375,-9347,4254,-5003,-236,-41,-59
232760341,0.68060302734375,0.33526611328125,0.59271240234375,-0.2701416015625,-8853,3492,-5211,-235,-41,-39
232770324,0.69000244140625,0.31414794921875,0.5997314453125,-0.25592041015625,-8288,2736,-5342,-231,-38,-17
232780306,0.698974609375,0.2943115234375,0.60577392578125,-0.2403564453125,-7645,1911,-5398,-226,-34,-1
232790295,0.70703125,0.275634765625,0.611328125,-0.2242431640625,-7138,1017,-5387,-218,-29,11
232800276,0.71417236328125,0.25811767578125,0.61639404296875,-0.20819091796875,-6493,-173,-5150,-206,-23,19
232810259,0.7200927734375,0.24139404296875,0.62109375,-0.19342041015625,-5751,-1696,-4670,-189,-15,22
232820238,0.72454833984375,0.22564697265625,0.6256103515625,-0.18084716796875,-4967,-3514,-3921,-164,-6,20
232830235,0.72735595703125,0.2113037109375,0.62994384765625,-0.17144775390625,-4185,-5507,-2949,-134,4,16
232840214,0.728515625,0.198974609375,0.63421630859375,-0.16552734375,-3515,-7496,-1911,-97,16,12
232850195,0.7279052734375,0.18963623046875,0.638427734375,-0.16290283203125,-3066,-9303,-959,-58,27,14
232860185,0.7257080078125,0.1842041015625,0.64251708984375,-0.162841796875,-2859,-10758,-191,-18,36,22
232870174,0.72216796875,0.18310546875,0.64630126953125,-0.16497802734375,-2834,-11662,374,20,44,30
232880145,0.7174072265625,0.18597412109375,0.649658203125,-0.1690673828125,-2935,-11971,717,55,50,32
232890123,0.71136474609375,0.19158935546875,0.6529541015625,-0.17572021484375,-3079,-11741,829,84,55,20
232900107,0.70367431640625,0.1982421875,0.656494140625,-0.1856689453125,-3229,-11170,729,107,59,-6
232910087,0.69427490234375,0.20465087890625,0.66058349609375,-0.19921875,-3333,-10424,453,125,62,-38
232920070,0.68310546875,0.21026611328125,0.6651611328125,-0.21600341796875,-3404,-9525,84,138,65,-69
232930054,0.67041015625,0.21514892578125,0.6700439453125,-0.23486328125,-3624,-8316,-350,145,67,-92
232940035,0.65679931640625,0.21978759765625,0.6749267578125,-0.2542724609375,-4145,-6670,-849,146,69,-105
232950021,0.64306640625,0.22467041015625,0.67950439453125,-0.2723388671875,-4901,-4808,-1396,140,67,-106
232960003,0.63018798828125,0.22979736328125,0.683349609375,-0.2880859375,-5656,-3058,-1846,128,62,-94
232969995,0.618896484375,0.23529052734375,0.68621826171875,-0.30108642578125,-6414,-1295,-2152,113,53,-79
232979979,0.60980224609375,0.24151611328125,0.6878662109375,-0.31072998046875,-7318,403,-2426,97,44,-55
232989955,0.60357666015625,0.2493896484375,0.6881103515625,-0.3160400390625,-8408,2012,-2712,79,32,-15
232999940,0.60125732421875,0.26019287109375,0.686279296875,-0.315673828125,-9645,3550,-3014,59,19,41
233009921,0.60296630859375,0.27386474609375,0.68231201171875,-0.30950927734375,-10829,4959,-3341,38,4,95
233019901,0.60784912109375,0.28887939453125,0.67669677734375,-0.29852294921875,-12152,6505,-3801,14,-9,127
233029881,0.6148681640625,0.3033447265625,0.67022705078125,-0.283935546875,-13274,8235,-4420,-12,-21,137
233039865,0.6229248046875,0.3154296875,0.6640625,-0.267333984375,-14099,9928,-5178,-39,-29,126
233049846,0.6307373046875,0.3232421875,0.65936279296875,-0.2506103515625,-14705,11137,-6101,-65,-33,92
233059830,0.6368408203125,0.324951171875,0.65789794921875,-0.23651123046875,-15151,11473,-6968,-84,-29,36
233069816,0.64013671875,0.3199462890625,0.66046142578125,-0.22711181640625,-15435,10924,-7419,-93,-17,-32
233079792,0.640625,0.30908203125,0.6666259765625,-0.22259521484375,-15255,9791,-7361,-96,-1,-88
233089784,0.6392822265625,0.29559326171875,0.6748046875,-0.22027587890625,-14820,8475,-6925,-96,15,-104
233099767,0.63720703125,0.2825927734375,0.683349609375,-0.21697998046875,-14174,7080,-6335,-97,27,-85
233109753,0.63507080078125,0.27178955078125,0.69140625,-0.21148681640625,-13331,5572,-5704,-97,37,-54
233119735,0.63275146484375,0.262939453125,0.698974609375,-0.2044677734375,-12341,3896,-5050,-94,45,-29
233129715,0.63006591796875,0.255126953125,0.70635986328125,-0.19720458984375,-11221,2074,-4406,-89,50,-17
233139699,0.6268310546875,0.24786376953125,0.71356201171875,-0.19085693359375,-10016,193,-3734,-80,52,-13
233149680,0.6231689453125,0.2408447265625,0.72039794921875,-0.18603515625,-8814,-1610,-3043,-68,53,-13
233159664,0.61932373046875,0.23443603515625,0.72662353515625,-0.1827392578125,-7687,-3146,-2378,-56,50,-12
233169648,0.61566162109375,0.22900390625,0.73193359375,-0.1807861328125,-6750,-4369,-1750,-42,44,-7
233179635,0.61273193359375,0.22491455078125,0.73590087890625,-0.1796875,-5873,-5288,-1084,-30,35,1
233189615,0.6107177734375,0.22198486328125,0.738525390625,-0.1796875,-5024,-5934,-383,-18,25,4
233199596,0.60931396484375,0.2196044921875,0.74005126953125,-0.1810302734375,-4262,-6343,287,-6,16,1
233209580,0.6083984375,0.21722412109375,0.74072265625,-0.18414306640625,-3574,-6605,866,4,8,-7
233219556,0.60772705078125,0.21478271484375,0.74078369140625,-0.18896484375,-2977,-6774,1286,15,0,-14
233229543,0.60736083984375,0.21258544921875,0.7401123046875,-0.19512939453125,-2528,-6813,1629,24,-8,-17
233239523,0.607666015625,0.21124267578125,0.73846435546875,-0.20184326171875,-2138,-6717,1850,33,-16,-11
233249506,0.60858154296875,0.21099853515625,0.73583984375,-0.208740234375,-1766,-6547,1962,40,-23,-5
233259490,0.60986328125,0.21160888671875,0.73248291015625,-0.21600341796875,-1406,-6318,1965,47,-30,-2
233269478,0.61138916015625,0.21295166015625,0.728515625,-0.2236328125,-1080,-6016,1889,55,-34,0
233279455,0.6131591796875,0.21533203125,0.72393798828125,-0.23138427734375,-785,-5641,1714,62,-38,7
233289435,0.61492919921875,0.2193603515625,0.71881103515625,-0.23870849609375,-554,-5153,1413,69,-38,18
233299427,0.61651611328125,0.2252197265625,0.71331787109375,-0.245361328125,-387,-4609,987,76,-37,29
233309411,0.61761474609375,0.23236083984375,0.7078857421875,-0.251708984375,-274,-4090,545,82,-32,33
233319392,0.61767578125,0.240234375,0.702880859375,-0.25811767578125,-319,-3524,87,87,-24,31
233329372,0.61639404296875,0.248779296875,0.69866943359375,-0.2645263671875,-869,-2672,-465,92,-11,25
233339360,0.61358642578125,0.25848388671875,0.69549560546875,-0.27008056640625,-2178,-1460,-1111,94,6,23
233349340,0.6094970703125,0.269775390625,0.693359375,-0.27374267578125,-3983,-80,-1849,93,24,31
233359322,0.60382080078125,0.282470703125,0.69256591796875,-0.27545166015625,-5961,1328,-2649,89,45,32
233369305,0.59619140625,0.29541015625,0.693603515625,-0.27587890625,-8268,2768,-3486,84,67,25
233379293,0.58746337890625,0.309326171875,0.6956787109375,-0.27423095703125,-10421,4325,-4402,78,83,34
233389270,0.57855224609375,0.3248291015625,0.6978759765625,-0.26953125,-12002,5505,-5268,69,92,55
233399259,0.57012939453125,0.3409423828125,0.69970703125,-0.2628173828125,-13165,6054,-5919,59,93,72
233409238,0.562255859375,0.356201171875,0.70123291015625,-0.25531005859375,-14019,6168,-6292,50,90,76
233419231,0.554931640625,0.36968994140625,0.70269775390625,-0.248046875,-14646,6095,-6530,41,85,69
233429217,0.54833984375,0.38140869140625,0.70404052734375,-0.2410888671875,-15107,5885,-6733,32,76,62
233439206,0.5428466796875,0.39111328125,0.705078125,-0.23480224609375,-15425,5477,-6754,24,64,55
233449189,0.53839111328125,0.3983154296875,0.70599365234375,-0.23004150390625,-15404,4873,-6591,17,50,37
233459174,0.53460693359375,0.40203857421875,0.70751953125,-0.227783203125,-15057,4116,-6281,12,37,7
233469145,0.5311279296875,0.4019775390625,0.71002197265625,-0.2283935546875,-14497,3329,-5842,9,24,-27
233479121,0.5279541015625,0.3988037109375,0.713134765625,-0.23150634765625,-13757,2476,-5278,7,13,-52
233489105,0.52520751953125,0.39385986328125,0.71630859375,-0.23626708984375,-12886,1608,-4660,8,5,-62
233499086,0.52288818359375,0.3885498046875,0.71905517578125,-0.2418212890625,-11929,792,-4020,10,-1,-62
233509066,0.52081298828125,0.38330078125,0.7213134765625,-0.2479248046875,-10997,87,-3393,13,-4,-60
233519051,0.51910400390625,0.37908935546875,0.72271728515625,-0.25384521484375,-10149,-482,-2818,18,-7,-46
233529031,0.51806640625,0.37677001953125,0.72283935546875,-0.259033203125,-9397,-877,-2353,22,-10,-27
233539014,0.51763916015625,0.3760986328125,0.7218017578125,-0.263671875,-8831,-1114,-1995,27,-13,-10
233549002,0.5179443359375,0.376953125,0.7196044921875,-0.26776123046875,-8444,-1187,-1704,30,-18,4
233558986,0.51904296875,0.37872314453125,0.71649169921875,-0.27154541015625,-8170,-1154,-1469,32,-24,12
233568964,0.520751953125,0.380615234375,0.71270751953125,-0.275390625,-7970,-1035,-1227,32,-29,13
233578948,0.52294921875,0.38189697265625,0.708740234375,-0.27972412109375,-7804,-849,-987,32,-35,6
233588935,0.52545166015625,0.38201904296875,0.704833984375,-0.28466796875,-7689,-605,-772,29,-41,-5
233598913,0.5283203125,0.38104248046875,0.70111083984375,-0.2899169921875,-7585,-349,-596,25,-45,-13
233608895,0.531494140625,0.37921142578125,0.697509765625,-0.29510498046875,-7495,-87,-442,20,-48,-17
233618878,0.53509521484375,0.376953125,0.6939697265625,-0.2999267578125,-7382,155,-317,14,-50,-17
233628859,0.53900146484375,0.37469482421875,0.69036865234375,-0.30389404296875,-7256,334,-240,9,-50,-13
233638841,0.543212890625,0.3726806640625,0.686767578125,-0.3070068359375,-7097,402,-172,4,-48,-6
233648821,0.5474853515625,0.370849609375,0.68328857421875,-0.3094482421875,-6967,356,-127,0,-46,-1
233658810,0.5516357421875,0.36920166015625,0.67999267578125,-0.31121826171875,-6892,275,-143,-2,-43,3
233668787,0.5555419921875,0.36785888671875,0.6768798828125,-0.3126220703125,-6880,212,-220,-3,-39,4
233678768,0.5589599609375,0.36651611328125,0.6741943359375,-0.31390380859375,-6921,182,-354,-3,-35,2
233688763,0.5618896484375,0.364990234375,0.67205810546875,-0.31524658203125,-6987,201,-537,-3,-32,-3
233698744,0.5640869140625,0.36322021484375,0.67041015625,-0.3167724609375,-7030,202,-734,-2,-29,-10
233708720,0.565673828125,0.361083984375,0.6693115234375,-0.31866455078125,-7060,201,-924,-1,-25,-16
233718707,0.56671142578125,0.35888671875,0.66864013671875,-0.32073974609375,-7106,198,-1113,0,-22,-20
233728689,0.5672607421875,0.35675048828125,0.66827392578125,-0.3228759765625,-7191,195,-1287,1,-19,-21
233738670,0.56768798828125,0.35491943359375,0.66796875,-0.32476806640625,-7291,223,-1443,2,-17,-18
233748655,0.5679931640625,0.35345458984375,0.667724609375,-0.3262939453125,-7394,255,-1546,1,-14,-15
233758637,0.5684814453125,0.35235595703125,0.6673583984375,-0.32745361328125,-7471,285,-1631,0,-14,-11
233768622,0.56903076171875,0.35137939453125,0.6669921875,-0.3282470703125,-7503,324,-1687,-1,-13,-8
233778601,0.5697021484375,0.3504638671875,0.66668701171875,-0.3287353515625,-7495,357,-1712,-3,-13,-8
233788586,0.57049560546875,0.349365234375,0.66644287109375,-0.32904052734375,-7472,363,-1694,-6,-12,-9
233798568,0.5712890625,0.3480224609375,0.6663818359375,-0.3292236328125,-7447,333,-1638,-8,-11,-9
233808551,0.57208251953125,0.346435546875,0.66650390625,-0.3292236328125,-7415,294,-1566,-10,-10,-9
233818534,0.572998046875,0.3448486328125,0.66668701171875,-0.3289794921875,-7397,234,-1473,-13,-9,-7
233828517,0.57391357421875,0.3433837890625,0.66693115234375,-0.32830810546875,-7363,155,-1381,-14,-7,-4
233838501,0.574951171875,0.34210205078125,0.667236328125,-0.32733154296875,-7301,55,-1281,-16,-6,-1
233848486,0.575927734375,0.3409423828125,0.6676025390625,-0.32611083984375,-7253,-57,-1197,-16,-4,1
233858468,0.5767822265625,0.33984375,0.66802978515625,-0.32476806640625,-7247,-172,-1129,-16,-2,2
233868449,0.5775146484375,0.33892822265625,0.66845703125,-0.323486328125,-7288,-319,-1055,-15,-1,3
233878431,0.57818603515625,0.33819580078125,0.66888427734375,-0.32220458984375,-7364,-443,-984,-14,1,4
233888424,0.57861328125,0.33758544921875,0.66937255859375,-0.32098388671875,-7445,-559,-924,-12,2,3
233898407,0.578857421875,0.33697509765625,0.66998291015625,-0.320068359375,-7505,-654,-882,-10,3,1
233908391,0.57879638671875,0.3363037109375,0.670654296875,-0.31951904296875,-7515,-713,-862,-8,4,-2
233918364,0.57843017578125,0.33538818359375,0.6715087890625,-0.31927490234375,-7527,-730,-861,-7,4,-7
233928350,0.57781982421875,0.33441162109375,0.6724853515625,-0.3193359375,-7580,-700,-881,-6,6,-10
